From,To,Searches,Segments,L2B
MOW,AER,5458010,1886,2893
MOW,LED,3728800,102,36556
AER,MOW,2741115,673,4072
MOW,SIP,2634666,663,3973
MOW,IST,2588738,43,60203
LED,MOW,2504775,169,14821
IST,MOW,2030168,14,145012
MOW,KRR,2024813,155,13063
MOW,MRV,2021291,908,2226
ROV,MOW,1639486,417,3931
KRR,MOW,1591970,125,12735
MOW,KGD,1519975,489,3108
MRV,MOW,1379890,608,2269
UFA,MOW,1379081,41,33636
OVB,MOW,1321854,13,101681
SVX,MOW,1313239,132,9948
LED,AER,1294993,579,2236
SIP,MOW,1284638,328,3916
MOW,DXB,1276270,74,17246
MOW,OVB,1185906,10,118590
KJA,MOW,1159966,75,15466
MOW,UFA,1012097,37,27353
MOW,AAQ,985218,75,13136
OVB,LED,972129,3,324043
MOW,MCX,921319,1052,875
MOW,AYT,916257,1,916257
MOW,ROV,911668,477,1911
MOW,SVX,899704,42,21421
MOW,MLE,873910,36,24275
MRV,SIP,870355,0,870355
KGD,MOW,819166,196,4179
MOW,KZN,796669,0,796669
MOW,KJA,779301,31,25138
MOW,IKT,778224,60,12970
KRR,AER,775292,6,129215
MCX,MOW,764518,768,995
KUF,MOW,717409,11,65219
MOW,SGC,714042,68,10500
AER,LED,703197,59,11918
CEK,MOW,697314,5,139462
KZN,MOW,694224,19,36538
DXB,MOW,687833,101,6810
TJM,MOW,653386,81,8066
SGC,MOW,648205,23,28182
LED,SIP,638381,102,6258
MOW,TJM,623916,64,9748
SVX,AER,575310,345,1667
AYT,MOW,573526,0,573526
IKT,MOW,573393,0,573393
LED,KRR,571038,1,571038
OMS,MOW,567427,18,31523
LED,KGD,560170,30,18672
MOW,PEE,548769,14,39197
MOW,CEK,547647,18,30424
VOG,MOW,546145,0,546145
UUD,MOW,511294,4,127823
LED,OVB,509713,41,12432
SVX,LED,499986,92,5434
KRR,LED,476644,83,5742
MOW,KUF,467006,41,11390
KZN,KRR,462885,5,92577
PEE,MOW,461483,0,461483
MOW,OMS,456898,7,65271
KZN,AER,447517,202,2215
LED,MRV,439722,0,439722
MOW,VOG,434385,6,72397
UFA,LED,421572,6,70262
MOW,MMK,416058,4,104014
KGD,LED,406067,0,406067
KZN,LED,398583,136,2930
LED,KZN,397859,20,19892
KRR,KZN,395857,6,65976
MLE,MOW,376890,4,94222
UFA,AER,369733,126,2934
SIP,LED,365054,27,13520
OMS,SVX,353532,15,23568
MMK,MOW,350578,13,26967
SVX,KRR,346016,11,31456
ROV,AER,333315,0,333315
AAQ,MOW,332496,8,41562
RTW,MOW,327669,1,327669
MOW,RTW,327610,40,8190
LED,IST,325433,9,36159
KUF,LED,322717,40,8067
GRV,MOW,318921,13,24532
UFA,IST,318538,32,9954
MOW,STW,317567,11,28869
LED,SVX,316903,26,12188
VOZ,MOW,316892,44,7202
MOW,OGZ,314966,13,24228
MOW,GDZ,312899,16,19556
AER,SVX,304605,29,10503
MOW,UUD,303151,0,303151
MOW,REN,301420,70,4306
MOW,ZNZ,300302,0,300302
REN,MOW,299559,79,3791
KEJ,MOW,295144,0,295144
LED,KUF,292593,62,4719
OGZ,MOW,291006,28,10393
KRR,GDZ,285899,0,285899
ROV,LED,281867,4,70466
PEE,LED,280445,0,280445
ROV,UFA,280161,0,280161
MOW,NOZ,268282,0,268282
SIP,MRV,267757,0,267757
IST,LED,267545,2,133772
ROV,SIP,263749,0,263749
LED,ROV,253687,13,19514
LED,UFA,252720,0,252720
GOJ,MOW,252283,1,252283
KJA,AER,251222,34,7388
STW,MOW,249074,0,249074
CEK,LED,242078,12,20173
MOW,VOZ,240365,0,240365
KHV,MOW,236566,0,236566
AER,KZN,233886,4,58471
NBC,MOW,229127,6,38187
CEK,AER,228346,4,57086
MOW,IGT,226813,58,3910
SVX,ROV,225430,64,3522
MOW,NBC,225275,14,16091
MOW,EVN,225016,28,8036
IJK,MOW,220951,126,1753
AER,UFA,220423,18,12245
KUF,AER,219347,56,3916
MOW,IJK,218796,62,3528
FRU,MOW,214616,0,214616
OVB,AER,214342,0,214342
MOW,GRV,213620,0,213620
SVX,OMS,212758,8,26594
AER,KRR,209716,21,9986
TJM,AER,209424,187,1119
PEE,AER,206382,55,3752
MOW,KIV,200109,30,6670
NOZ,MOW,198307,1,198307
IST,BAK,197915,14,14136
KJA,LED,196709,6,32784
OMS,AER,195943,0,195943
LED,ARH,195332,44,4439
MOW,ULY,194067,4,48516
MOW,ARH,191330,70,2733
SVX,SIP,189611,3,63203
ARH,MOW,189399,23,8234
ARH,LED,185990,55,3381
KRR,SVX,185570,0,185570
KZN,IST,183860,0,183860
MRV,LED,183481,0,183481
ULY,MOW,183143,0,183143
MOW,GOJ,181893,0,181893
KRR,AAQ,181287,2,90643
MOW,NAL,180941,263,687
IAR,LED,178074,0,178074
MOW,KEJ,175920,0,175920
MMK,LED,175073,23,7611
GOJ,AER,174051,6,29008
SVX,TJM,173109,3,57703
LED,PEE,172429,2,86214
MOW,RGK,171506,24,7146
UFA,NUX,171446,2,85723
AER,ROV,171115,0,171115
RTW,AER,169220,72,2350
ROV,SVX,167917,0,167917
NUX,MOW,166962,3,55654
ASF,MOW,165867,0,165867
ROV,IST,162352,12,13529
MOW,KHV,161228,0,161228
LED,MMK,160135,51,3139
MOW,ASF,159175,0,159175
GRV,IST,153372,19,8072
TJM,NUX,153184,31,4941
NAL,MOW,152903,178,859
MOW,BAX,151824,218,696
KRR,VOG,149531,30,4984
KIV,MOW,146307,5,29261
AER,KJA,145514,17,8559
LED,CEK,144977,0,144977
MOW,GZP,144003,6,24000
MOW,KVX,143169,2,71584
LED,AAQ,139858,40,3496
MOW,VVO,139852,0,139852
OMS,LED,139373,0,139373
LED,NBC,138998,0,138998
UFA,SVX,138353,10,13835
OVB,BAX,138213,4,34553
EVN,MOW,136709,0,136709
AER,KUF,135435,24,5643
SCW,LED,134304,29,4631
NUX,UFA,133163,44,3026
AER,OVB,132384,12,11032
OVB,SIP,131929,0,131929
KRR,MRV,130400,0,130400
LED,MCX,129903,117,1110
KVX,MOW,129201,0,129201
MOW,TAS,128614,0,128614
MCX,LED,128526,277,463
IKT,KJA,128276,4,32069
MOW,SCW,127821,20,6391
CSY,MOW,127046,16,7940
OVB,KRR,126944,5,25388
KRR,MCX,126838,0,126838
RTW,KRR,126813,0,126813
UFA,KUF,126451,3,42150
LED,GOJ,126062,19,6634
VVO,MOW,123252,0,123252
MOW,DPS,123117,0,123117
AER,PEE,123050,0,123050
AER,CEK,122460,0,122460
SCW,MOW,122340,27,4531
TJM,LED,122036,5,24407
IST,UFA,121920,4,30480
IGT,MOW,121444,4,30361
UFA,KRR,121309,0,121309
MOW,BAK,120870,96,1259
IKT,UUD,120834,0,120834
LED,AYT,120805,0,120805
UUD,IKT,118230,0,118230
GDZ,MOW,117528,0,117528
AER,TJM,117518,6,19586
KJA,IKT,117432,3,39144
BAX,MOW,117236,5,23447
KJA,SIP,116644,140,833
UFA,TJM,116507,2,58253
IST,ROV,115399,0,115399
KRR,IAR,114370,0,114370
SVX,BAX,113195,0,113195
ZNZ,MOW,112756,0,112756
UFA,NJC,112671,8,14083
MSQ,MOW,112265,0,112265
BAX,OVB,111887,6,18647
KZN,SIP,111748,0,111748
MOW,BEG,111305,10,11130
SIP,ROV,109886,0,109886
MOW,CSY,109618,0,109618
KUF,ROV,109587,0,109587
MRV,KRR,108157,0,108157
MOW,SSH,106841,0,106841
TJM,KRR,106462,0,106462
UFA,SIP,106394,80,1329
LED,KJA,106368,6,17728
SIP,SVX,106074,0,106074
LED,OMS,105815,0,105815
KHV,UUD,105433,0,105433
KZN,ROV,105353,4,26338
MOW,KRO,104942,3,34980
SVX,UFA,104793,0,104793
KRO,MOW,104385,0,104385
SVX,IST,104373,0,104373
NJC,UFA,104358,20,5217
RTW,SVX,103994,0,103994
AER,OMS,103818,4,25954
ROV,GRV,102422,0,102422
MOW,BKK,101937,0,101937
FRU,ROV,101866,0,101866
NUX,TJM,101371,71,1427
GOJ,LED,100102,82,1220
MRV,AER,99682,0,99682
MOW,HRG,99626,0,99626
LED,IKT,98292,0,98292
TOF,MOW,98273,4,24568
AAQ,LED,97398,1,97398
SVX,GOJ,97115,0,97115
YKS,MOW,96620,11,8783
GRV,AER,96306,0,96306
OVB,IKT,96236,2,48118
IST,KZN,96112,3,32037
SGC,MCX,95468,2,47734
AYT,LED,95400,0,95400
AER,GOJ,95374,2,47687
KRR,ASF,94861,0,94861
KRR,OVB,94174,0,94174
OVB,IST,92731,0,92731
TAS,MOW,92010,0,92010
IKT,LED,91832,40,2295
OMS,SIP,91775,0,91775
LED,TJM,91444,2,45722
KZN,MRV,90318,2,45159
MOW,NOJ,89949,79,1138
KZN,UFA,89318,6,14886
KRR,IST,89133,0,89133
ASF,VOG,88738,0,88738
MOW,PAR,88095,1,88095
LED,DXB,87750,0,87750
IKT,AER,87488,40,2187
KRR,UFA,87356,1,87356
VOZ,KRR,87052,0,87052
AER,RTW,86832,0,86832
GRV,ROV,85269,0,85269
IST,OVB,84998,0,84998
MOW,ALA,84806,0,84806
ALA,MOW,84666,0,84666
MOW,NUX,84644,3,28214
MOW,HKT,84642,0,84642
NBC,LED,84358,0,84358
SVX,AAQ,84292,0,84292
MOW,CAI,84168,0,84168
KRR,RTW,83968,0,83968
IST,GRV,83706,3,27902
MOW,PES,83364,0,83364
MOW,MSQ,83226,8,10403
BER,MOW,82882,0,82882
HMA,SVX,82531,14,5895
ASF,KRR,81771,0,81771
SVX,KGD,80708,0,80708
CEK,KRR,80277,2,40138
IKT,OVB,79879,4,19969
KJA,KRR,79468,18,4414
MOW,DYU,78754,0,78754
RGK,MOW,78435,0,78435
VOG,AER,78339,16,4896
LED,SCW,78198,29,2696
MOW,FRU,77798,0,77798
MRV,KZN,77494,0,77494
REN,LED,77458,30,2581
REN,AER,77224,122,632
MOW,MQF,77140,0,77140
MCX,SGC,76893,4,19223
SVX,KUF,76177,7,10882
TJM,SVX,75819,0,75819
LED,VOZ,74885,2,37442
KVX,LED,74653,0,74653
DXB,IST,74127,0,74127
SIP,OVB,73536,0,73536
SGC,AER,72992,40,1824
KUF,SIP,72915,6,12152
MOW,SEL,72779,0,72779
TJM,SIP,72524,129,562
SSH,MOW,71991,0,71991
LED,KVK,71928,0,71928
LED,IAR,71874,2,35937
SVX,MRV,71719,0,71719
AER,MRV,71561,0,71561
MOW,KVK,71473,30,2382
MCX,KRR,71430,0,71430
ROV,MCX,71227,0,71227
UFA,MRV,71225,2,35612
KRR,VOZ,70500,0,70500
MOW,TOF,69705,0,69705
MOW,YKS,69497,81,857
SGC,LED,69065,0,69065
MOW,URS,68963,50,1379
GOJ,RTW,68962,0,68962
GOJ,ROV,68364,0,68364
VOZ,AER,68256,201,339
IST,KRR,68101,0,68101
VOG,LED,67726,0,67726
UFA,ROV,67339,0,67339
HTA,IKT,67246,2,33623
SIP,KZN,67078,0,67078
KRR,TJM,66660,0,66660
MRV,ROV,66637,0,66637
LED,KVX,66351,0,66351
NOJ,MOW,66082,38,1739
GDZ,KRR,65349,5,13069
VOZ,LED,65271,0,65271
URS,MOW,65238,26,2509
NUX,LED,65025,31,2097
LED,NUX,64816,0,64816
ALA,IST,64734,0,64734
OMS,TJM,64461,0,64461
KUF,IST,64052,51,1255
KJA,OVB,63979,0,63979
TJM,UFA,63237,0,63237
LED,REN,62335,30,2077
VOG,ASF,61974,0,61974
DPS,MOW,61943,0,61943
SVX,KZN,61887,8,7735
LED,SGC,61565,0,61565
OVB,KJA,60977,0,60977
KRR,CEK,60946,0,60946
MOW,OSW,60757,2,30378
KRR,KJA,60469,7,8638
NJC,MOW,60369,0,60369
KUF,SVX,60116,0,60116
IST,SVX,60036,0,60036
SIP,KJA,60033,8,7504
KGD,AER,59782,32,1868
HRG,MOW,59624,0,59624
OMS,KRR,59444,0,59444
GZP,MOW,59384,0,59384
SIP,UFA,59003,0,59003
RTW,LED,58612,0,58612
LED,OGZ,58511,0,58511
LWN,MOW,58494,4,14623
DXB,GRV,57952,0,57952
KLF,AER,57218,0,57218
PEE,SIP,57025,0,57025
PEE,TJM,56833,0,56833
MRV,KGD,56428,0,56428
IJK,LED,56279,8,7034
MOW,BER,56221,0,56221
MOW,CUN,55807,0,55807
NUX,SVX,55462,17,3262
MOW,PKV,55394,0,55394
MOW,LCA,55324,0,55324
OVB,KZN,55028,0,55028
KGD,MRV,54900,2,27450
AER,SIP,54413,8,6801
KJA,AAQ,54374,0,54374
NBC,KRR,54253,0,54253
SVX,HMA,54077,0,54077
IJK,AER,53763,22,2443
OVB,KGD,53723,0,53723
KHV,LED,53655,2,26827
UFA,KZN,52690,0,52690
LED,ASF,52635,0,52635
KVX,AER,52617,12,4384
NOZ,LED,52558,0,52558
KZN,SVX,52455,18,2914
OVB,AAQ,52314,0,52314
SGC,HMA,52233,0,52233
MOW,TYO,52177,0,52177
TLV,MOW,52030,0,52030
LED,MLE,51997,0,51997
LED,KEJ,51961,0,51961
BAX,AER,51910,0,51910
MQF,MOW,51782,0,51782
LED,STW,51704,0,51704
ROV,KGD,51681,8,6460
SVX,MCX,51572,0,51572
MOW,IEV,51482,0,51482
SIP,OMS,51448,0,51448
SVX,RTW,51446,0,51446
MOW,HMA,51433,20,2571
IST,SSH,51428,0,51428
ROV,GOJ,51258,0,51258
MOW,TLV,51245,0,51245
PEE,GOJ,50918,0,50918
SGC,KRR,50895,14,3635
UFA,AYT,50875,0,50875
LED,VOG,50853,0,50853
KJA,KZN,50669,44,1151
HKT,MOW,50652,0,50652
STW,LED,50590,10,5059
KJA,HTA,50105,22,2277
KRR,KGD,49738,0,49738
ROV,KZN,49527,0,49527
LED,GDZ,49448,0,49448
TJM,KZN,49314,0,49314
KEJ,LED,49270,0,49270
IKT,HTA,49087,0,49087
MOW,ESL,48837,0,48837
ROV,OVB,48604,0,48604
LED,RTW,48586,0,48586
KJA,YKS,48202,7,6886
LED,NOZ,48196,18,2677
MCX,AER,48178,0,48178
GOJ,SIP,48103,0,48103
MOW,LWN,48051,0,48051
CEK,MRV,48030,6,8005
MOW,SHJ,47980,4,11995
KRR,KUF,47942,10,4794
SVX,DXB,47664,0,47664
MOW,HTA,47604,18,2644
OSW,MOW,47568,4,11892
KUF,KRR,47533,22,2160
YKS,SVX,47515,14,3393
SVX,KEJ,47309,0,47309
AER,REN,47270,5,9454
CAI,MOW,46802,0,46802
MOW,NSK,46601,2,23300
ASF,AER,46485,8,5810
LED,UUD,46010,0,46010
SVX,NJC,45946,28,1640
OVB,ROV,45865,4,11466
ULY,AER,45821,120,381
OGZ,LED,45689,0,45689
PEE,KRR,45616,0,45616
GOJ,KRR,45317,60,755
EGO,MOW,45241,0,45241
MOW,UUS,45205,0,45205
DXB,LED,45004,0,45004
NSK,KJA,44981,3,14993
MRV,SVX,44950,0,44950
KJA,KYZ,44923,0,44923
HMA,MOW,44921,9,4991
KZN,KGD,44833,0,44833
BQS,MOW,44797,0,44797
PKV,MOW,44758,0,44758
BEG,MOW,44331,0,44331
MOW,TIV,44127,0,44127
EGO,LED,43989,0,43989
IST,HRG,43867,0,43867
SVX,OVB,43809,0,43809
TOF,AER,43772,20,2188
OVB,AYT,43497,0,43497
PEE,MRV,43424,0,43424
SIP,AER,43286,0,43286
ROV,MRV,43113,0,43113
SIP,KUF,43072,0,43072
TOF,LED,43009,1,43009
AER,IKT,42997,0,42997
AAQ,SVX,42923,0,42923
NBC,AER,42816,0,42816
IAR,MOW,42648,0,42648
ARH,AER,42636,13,3279
ASF,LED,42469,0,42469
CEK,KGD,42306,0,42306
RTW,GOJ,42158,0,42158
LED,IJK,42151,299,140
GRV,LED,41813,20,2090
GRV,DXB,41638,30,1387
IST,ALA,41608,0,41608
KZN,KJA,41561,54,769
VOG,KRR,41410,0,41410
TJM,OMS,41352,0,41352
LED,BZK,41232,0,41232
OVB,SVX,41116,0,41116
UFA,KGD,41009,88,466
LED,BAX,41003,1,41003
KHV,AER,41000,0,41000
PES,MOW,40857,0,40857
LED,SLY,40753,118,345
KGD,SVX,40591,0,40591
KGD,ROV,40575,8,5071
SIP,TJM,40378,36,1121
AER,IST,40228,0,40228
IWA,LED,40154,2,20077
BKK,MOW,39555,0,39555
NBC,ROV,39548,0,39548
HTA,KJA,39195,29,1351
KUF,UFA,39100,0,39100
BZK,KRR,39049,0,39049
ESL,MOW,39044,0,39044
MOW,PEZ,39028,0,39028
UFA,SGC,38909,2,19454
ROV,KUF,38744,0,38744
SGC,OVB,38714,4,9678
AER,VOG,38709,0,38709
KRR,SGC,38627,113,341
AAQ,KRR,38625,0,38625
KRR,OMS,38515,0,38515
KVK,MOW,38336,0,38336
KLF,LED,38327,0,38327
MOW,BQS,38263,0,38263
MOW,IAR,38205,0,38205
MCX,ROV,38125,0,38125
IST,DXB,38115,0,38115
SIP,KRR,38110,0,38110
AER,MCX,37999,0,37999
GOJ,KUF,37863,10,3786
GOJ,KZN,37832,0,37832
TJM,SLY,37757,211,178
AER,ASF,37670,0,37670
KJA,KGD,37321,44,848
KGD,KRR,37266,0,37266
MOW,CMB,36808,0,36808
LED,ULY,36753,10,3675
IKT,KRR,36513,0,36513
KUF,MRV,36482,0,36482
MOW,EGO,36407,0,36407
AER,VOZ,36296,0,36296
KJA,BTK,36210,8,4526
KHV,UUS,36094,24,1503
IKT,KZN,36091,0,36091
LED,KHV,35896,0,35896
BAX,LED,35802,4,8950
KRR,PEE,35749,0,35749
YKS,LED,35705,47,759
LED,CEE,35467,2,17733
PEE,NUX,35467,0,35467
AER,SGC,35420,19,1864
MRV,UFA,35338,0,35338
MOW,NJC,35317,0,35317
OMS,ROV,35118,0,35118
KVK,LED,35035,0,35035
TAS,IST,34912,0,34912
MCX,NUX,34743,2,17371
LED,RGK,34739,24,1447
KRR,SIP,34478,0,34478
SGC,UFA,34460,0,34460
KEJ,AER,34293,0,34293
LED,IWA,34127,47,726
TOF,SIP,33989,0,33989
SGC,SIP,33965,189,179
UCT,MOW,33835,28,1208
PEE,KGD,33713,0,33713
AER,OGZ,33430,0,33430
MMK,AER,33393,0,33393
LED,YKS,33391,8,4173
MOW,SKD,33251,0,33251
AER,KGD,33209,0,33209
LED,GRV,32921,0,32921
SGC,TJM,32780,0,32780
IAR,AER,32742,0,32742
KGD,SIP,32728,60,545
UUD,HTA,32568,0,32568
LED,TOF,32567,10,3256
ESL,LED,32476,0,32476
SLY,MOW,32431,314,103
MOW,CEE,32394,10,3239
SIP,GOJ,32373,0,32373
MOW,NNM,32304,22,1468
NJC,SVX,32296,18,1794
ROV,OMS,32221,0,32221
KRR,NBC,32181,0,32181
KRR,GOJ,32122,0,32122
MOW,TBS,32104,0,32104
NUX,OMS,32035,38,843
MOW,UUA,31863,1,31863
MOW,ATH,31765,0,31765
LED,CSY,31698,0,31698
SIP,PEE,31682,0,31682
NUX,KRR,31562,128,246
CEE,MOW,31545,0,31545
SEL,MOW,31436,0,31436
AYT,OVB,31372,0,31372
UCT,LED,31337,14,2238
LED,VVO,31268,1,31268
KYZ,KJA,31247,0,31247
AER,NBC,31184,0,31184
KZN,DXB,31173,0,31173
PAR,MOW,31141,0,31141
MOW,DEL,31116,0,31116
MOW,SLY,31102,319,97
TJM,MRV,31088,0,31088
KUF,KGD,31085,12,2590
KGD,OVB,31051,0,31051
MOW,HAV,30862,0,30862
MRV,KLF,30798,0,30798
AER,BAX,30664,4,7666
HTA,MOW,30251,0,30251
IST,KUF,29983,0,29983
CEK,KZN,29786,0,29786
UUS,KHV,29614,37,800
MOW,ROM,29427,0,29427
SGC,MRV,29333,15,1955
SVX,SGC,29313,0,29313
MOW,UCT,29287,0,29287
KLF,KRR,29139,0,29139
UFA,GOJ,29059,0,29059
MOW,HKG,28942,0,28942
LED,TAS,28868,1,28868
MRV,CEK,28839,0,28839
IGT,ROV,28832,0,28832
AYT,UFA,28818,0,28818
NJC,KZN,28749,46,624
NUX,MCX,28698,95,302
KHV,KRR,28683,3,9561
KJA,NSK,28546,1,28546
FRU,IST,28430,0,28430
IKT,UUS,28398,0,28398
GOJ,SVX,28372,0,28372
ROV,TJM,28369,0,28369
LCA,MOW,28365,0,28365
KGD,KZN,28294,2,14147
KZN,OVB,28154,0,28154
SLY,TJM,28137,163,172
MOW,AUH,28037,0,28037
IEV,DXB,27976,0,27976
UUD,YKS,27623,3,9207
VVO,LED,27588,2,13794
KLF,KGD,27519,0,27519
KRR,IKT,27518,0,27518
YKS,KJA,27442,0,27442
SIP,KGD,27326,20,1366
CSY,LED,27296,0,27296
CEK,ROV,27258,0,27258
LED,EGO,27213,0,27213
OVB,SGC,27212,0,27212
PEE,IST,26977,0,26977
KRR,MMK,26957,0,26957
MOW,CAS,26950,0,26950
SGC,KZN,26926,7,3846
MRV,IST,26858,0,26858
SVX,YKS,26789,7,3827
UUD,LED,26753,0,26753
LED,NYM,26695,33,808
SLY,LED,26613,63,422
UFA,AAQ,26572,0,26572
OGZ,ROV,26535,0,26535
AER,IJK,26527,28,947
LED,ALA,26509,0,26509
UFA,HMA,26471,2,13235
NER,IKT,26450,0,26450
TJM,NJC,26366,92,286
SCW,SIP,26198,80,327
LED,KLF,26119,0,26119
DYU,MOW,25970,0,25970
SHJ,MOW,25957,6,4326
AAQ,KJA,25940,0,25940
KUF,NJC,25916,0,25916
SGC,KUF,25860,0,25860
NER,MOW,25808,15,1720
MMK,KRR,25807,0,25807
UUD,KHV,25803,0,25803
OVB,UFA,25710,0,25710
SGC,SVX,25682,0,25682
AER,ULY,25584,9,2842
MOW,USK,25570,0,25570
IAR,KRR,25549,0,25549
KUF,NOJ,25490,2,12745
IKT,YKS,25317,16,1582
MSQ,IST,25276,0,25276
BAX,SIP,25239,0,25239
YKS,IKT,25188,19,1325
CUN,MOW,25159,0,25159
MMK,SIP,25120,16,1570
KUF,GOJ,25079,0,25079
BZK,AER,24991,0,24991
SVX,KJA,24813,0,24813
KRR,DXB,24783,0,24783
CEK,IST,24764,0,24764
KRR,KHV,24582,0,24582
HMA,SGC,24461,0,24461
KJA,ROV,24460,23,1063
MRV,KUF,24242,0,24242
SCW,UCT,24210,0,24210
BAK,IST,24184,0,24184
HMA,UFA,24174,0,24174
REN,SVX,24158,2,12079
UUS,MOW,24120,0,24120
NJC,KRR,24067,0,24067
MLE,LED,24060,0,24060
MOW,BTK,24040,2,12020
VVO,IKT,24012,0,24012
KZN,SGC,23910,0,23910
LED,DPS,23830,0,23830
KRR,BZK,23827,0,23827
NUX,KZN,23668,0,23668
KUF,TJM,23619,0,23619
SCW,AER,23498,0,23498
ROV,DXB,23492,0,23492
ROV,ASF,23471,0,23471
TIV,MOW,23435,0,23435
MRV,PEE,23385,0,23385
KGD,CEK,23334,0,23334
AER,ARH,23309,63,369
SVX,SLY,23241,17,1367
TAS,DXB,23203,0,23203
VOG,MRV,23174,0,23174
YKS,MRV,23129,8,2891
SVX,NOJ,23076,0,23076
OMS,AAQ,23032,0,23032
MIL,MOW,22922,0,22922
URS,AER,22881,2,11440
KGD,KJA,22817,62,368
TJM,SGC,22780,5,4556
AER,TOF,22699,0,22699
ARH,SIP,22656,34,666
NJC,TJM,22620,245,92
IKT,VVO,22528,0,22528
KGD,UFA,22488,0,22488
AER,KEJ,22488,10,2248
REN,SIP,22478,0,22478
GOJ,KGD,22461,8,2807
AYT,IST,22327,0,22327
KZN,IKT,22244,0,22244
MOW,MEX,22231,0,22231
MOW,NER,22223,68,326
VOZ,KGD,22210,12,1850
KHV,SIP,22162,0,22162
KVX,UFA,22119,0,22119
KYZ,OVB,22077,0,22077
LED,NJC,22045,2,11022
MRV,TJM,22033,0,22033
TJM,ROV,22029,0,22029
AER,SCW,22015,0,22015
MOW,HEL,21982,0,21982
MOW,MIL,21965,0,21965
OMS,KZN,21942,0,21942
KRR,KLF,21890,0,21890
NUX,PEE,21869,0,21869
SVX,NUX,21766,33,659
HRK,IST,21755,0,21755
TAS,LED,21708,0,21708
TYO,SEL,21634,0,21634
ULY,LED,21595,0,21595
BAK,MOW,21591,0,21591
BTK,KJA,21486,38,565
DXB,SVX,21449,0,21449
AER,SKX,21403,5,4280
IST,AYT,21271,0,21271
HTA,UUD,21171,0,21171
MQF,AER,21066,0,21066
IKT,NER,21035,0,21035
MOW,JOK,20960,0,20960
MOW,SEZ,20898,0,20898
KRR,PKV,20886,0,20886
SVX,IKT,20733,0,20733
KLF,MRV,20702,0,20702
VOZ,KZN,20685,0,20685
MMK,KGD,20669,68,303
BAX,SVX,20572,0,20572
KJA,MRV,20566,0,20566
IST,MUC,20561,0,20561
VOG,SVX,20546,0,20546
KZN,VOZ,20483,4,5120
UFA,NYM,20424,145,140
AAQ,OVB,20311,0,20311
REN,KUF,20212,0,20212
OMS,KGD,20197,0,20197
UFA,NOJ,20194,18,1121
MRV,SGC,20135,15,1342
ARH,KGD,20132,0,20132
KGD,KUF,20065,4,5016
MJZ,OVB,19944,3,6648
SGC,ROV,19942,147,135
MCX,UFA,19914,0,19914
NJC,LED,19853,0,19853
ALA,DXB,19796,0,19796
NSK,MOW,19778,0,19778
PEE,AAQ,19746,0,19746
OMS,IST,19704,0,19704
MCX,SVX,19660,0,19660
SVX,VOG,19647,0,19647
TYO,MOW,19583,0,19583
AER,KHV,19561,0,19561
OVB,PYJ,19557,16,1222
KHV,KJA,19376,0,19376
CEK,AYT,19349,0,19349
AER,MMK,19342,0,19342
ROV,CEK,19298,0,19298
KRR,BAX,19228,30,640
URS,LED,19203,3,6401
PKV,AER,19146,0,19146
BAX,KRR,19129,28,683
OVB,KYZ,19059,23,828
HTA,KHV,19048,0,19048
IST,TAS,19041,0,19041
KJA,TJM,19039,0,19039
UFA,DXB,19033,0,19033
HMA,TJM,19026,0,19026
NUX,KUF,18997,0,18997
NJC,KUF,18826,0,18826
CEK,AAQ,18814,0,18814
PEE,KZN,18755,0,18755
KJA,ABA,18661,4,4665
VVO,BQS,18652,0,18652
LED,UCT,18549,0,18549
MOW,CPT,18536,0,18536
TJM,MCX,18504,2,9252
NNM,MOW,18502,0,18502
SIP,SGC,18461,48,384
AYT,KRR,18320,0,18320
KRR,NJC,18318,2,9159
NJC,AER,18316,4,4579
AER,MQF,18240,0,18240
KRR,TBW,18213,8,2276
LED,NAL,18210,88,206
IST,MRV,18110,0,18110
KJA,SGC,18048,3,6016
TJM,KUF,17992,0,17992
KYZ,MOW,17965,0,17965
SIP,TOF,17803,0,17803
LED,BEG,17795,0,17795
GDZ,LED,17763,0,17763
TJM,NYM,17733,77,230
TJM,AAQ,17723,0,17723
KRR,UUD,17716,20,885
NYM,TJM,17709,76,233
LED,SSH,17708,0,17708
BQS,VVO,17638,0,17638
AER,IAR,17623,0,17623
NOJ,KUF,17602,0,17602
TJM,PEE,17547,0,17547
NOJ,UFA,17521,26,673
SIP,CEK,17463,0,17463
IKT,BQS,17448,0,17448
IST,HRK,17437,0,17437
SGC,AAQ,17431,4,4357
SVX,GDZ,17396,0,17396
TOF,KZN,17384,0,17384
LED,BKK,17365,0,17365
IKT,UFA,17341,4,4335
GOJ,MRV,17336,0,17336
KRO,LED,17319,0,17319
LED,KRO,17311,0,17311
IST,LWO,17266,10,1726
KZN,OMS,17244,0,17244
AYT,AER,17224,0,17224
AMS,MOW,17215,0,17215
KZN,MCX,17204,4,4301
KGD,MMK,17164,0,17164
SLY,SVX,17127,72,237
SGC,OMS,17126,0,17126
MOW,JKT,17031,0,17031
KGD,PEE,17020,0,17020
KJA,SVX,17012,0,17012
SKX,AER,16992,0,16992
KUF,DXB,16889,0,16889
HAV,MOW,16886,0,16886
RTW,ROV,16879,0,16879
SVX,REN,16858,0,16858
KJA,TOF,16854,8,2106
TOF,KRR,16849,0,16849
TJM,IST,16835,0,16835
MOW,SIN,16822,0,16822
UUS,IKT,16821,0,16821
SCW,KRR,16790,2,8395
LED,URS,16738,0,16738
IST,PAR,16729,0,16729
MOW,SAO,16670,0,16670
KRR,NUX,16597,141,117
KEJ,KRR,16574,0,16574
BZK,MRV,16564,0,16564
AER,KVX,16539,0,16539
IST,KJA,16478,0,16478
SLY,UFA,16446,10,1644
YKS,OVB,16426,0,16426
LED,ZNZ,16423,0,16423
LWO,IST,16368,0,16368
SGC,KJA,16256,4,4064
MOW,ZRH,16225,0,16225
CEE,LED,16224,0,16224
MCX,KZN,16176,17,951
IZM,BAK,16097,0,16097
HMA,OMS,16086,0,16086
NYM,MOW,16081,25,643
MOW,RIX,16061,0,16061
ARH,KZN,15971,44,362
NYM,LED,15944,60,265
KZN,CEK,15933,0,15933
KLF,KZN,15933,0,15933
LON,MOW,15931,0,15931
KZN,GOJ,15879,0,15879
KHV,IKT,15844,0,15844
TBS,MOW,15804,0,15804
ROV,FRU,15791,0,15791
YKS,AER,15772,0,15772
IJK,SIP,15768,0,15768
MOW,NYM,15694,81,193
NOZ,AER,15667,0,15667
DEL,MOW,15648,0,15648
UUA,MOW,15632,10,1563
KHV,OVB,15613,0,15613
CMB,MOW,15607,0,15607
NAL,LED,15582,18,865
MOW,RAK,15403,0,15403
LED,MQF,15374,0,15374
KHV,HTA,15369,0,15369
SKD,MOW,15314,0,15314
SIP,MMK,15274,7,2182
MOW,KYZ,15219,2,7609
ROV,SGC,15211,52,292
ROV,KJA,15209,8,1901
MCX,TJM,15174,0,15174
KGD,VOZ,15045,0,15045
MRV,IKT,15018,0,15018
MUC,MOW,14995,0,14995
KZN,NUX,14907,0,14907
JOK,MOW,14892,0,14892
UFA,PEE,14859,0,14859
MOW,LIS,14718,0,14718
UFA,KJA,14663,4,3665
AER,PKV,14646,0,14646
PKV,KRR,14616,0,14616
LED,JOK,14609,48,304
LED,HEL,14576,0,14576
IST,MSQ,14539,0,14539
AER,BZK,14505,0,14505
MQF,LED,14478,0,14478
SVX,NOZ,14473,0,14473
RGK,LED,14465,0,14465
KEJ,KZN,14450,0,14450
VOG,SIP,14417,20,720
KUF,SGC,14325,0,14325
MRV,GOJ,14254,0,14254
KGD,OMS,14254,0,14254
MSQ,DXB,14228,0,14228
HTA,BTK,14171,37,383
DXB,KRR,14143,0,14143
ARH,AAQ,14065,40,351
KZN,PEE,14024,0,14024
IEV,MOW,13988,0,13988
KRR,KEJ,13947,0,13947
FRU,LED,13938,0,13938
YKS,VVO,13921,2,6960
KGD,ARH,13890,16,868
CAS,MOW,13870,0,13870
VOZ,SIP,13869,0,13869
OMS,UFA,13838,0,13838
TJM,KGD,13825,0,13825
SIP,SCW,13812,48,287
DXB,ALA,13773,0,13773
OMS,MRV,13726,24,571
KRR,SCW,13681,20,684
VOZ,MRV,13541,0,13541
ARH,KRR,13477,3,4492
LED,NOJ,13463,25,538
KJA,UFA,13414,0,13414
OZH,IEV,13385,0,13385
OVB,KUF,13372,0,13372
SVX,EVN,13372,0,13372
IST,CEK,13354,0,13354
KRO,AER,13297,0,13297
KEJ,SIP,13266,0,13266
OVB,MJZ,13262,6,2210
KRR,EGO,13262,0,13262
UUD,AER,13255,0,13255
DXB,KZN,13250,0,13250
PAR,IST,13239,0,13239
OMS,SGC,13181,2,6590
OVB,KHV,13176,0,13176
NOZ,SIP,13160,0,13160
AER,URS,13102,0,13102
HMA,LED,13098,11,1190
BCN,MOW,13096,0,13096
SGC,KGD,13091,36,363
IST,BER,13055,0,13055
OVB,YKS,13048,11,1186
EVN,TBS,12995,0,12995
MRV,OVB,12969,8,1621
MOW,BZK,12948,0,12948
TJM,HMA,12908,0,12908
PEZ,LED,12897,8,1612
VOZ,SVX,12858,0,12858
GRV,SGC,12827,1,12827
SIP,ARH,12746,26,490
BTK,MOW,12745,0,12745
IAR,SIP,12720,0,12720
ROV,PEE,12680,0,12680
MCX,SIP,12679,0,12679
SVX,VVO,12591,0,12591
IST,VIE,12567,0,12567
YKS,KHV,12526,16,782
AAQ,OMS,12524,0,12524
LED,USK,12509,20,625
EVN,ROV,12483,0,12483
IST,PEE,12476,0,12476
NOZ,KRR,12449,10,1244
KUF,NUX,12437,66,188
NOJ,LED,12422,113,109
KZN,KEJ,12414,0,12414
TOF,AAQ,12379,0,12379
LON,IST,12365,0,12365
DXB,TAS,12346,0,12346
KHV,YKS,12340,9,1371
SVX,MMK,12337,16,771
VIE,IST,12312,0,12312
MOW,DOH,12301,0,12301
SCW,AAQ,12291,0,12291
MOW,MJZ,12282,7,1754
KJA,UUD,12259,0,12259
ROV,IKT,12236,0,12236
ROV,MMK,12187,0,12187
ROV,NUX,12158,82,148
LED,OSW,12092,0,12092
FRU,OSS,12091,0,12091
GOJ,AAQ,12070,0,12070
IEV,DPS,12038,0,12038
UUD,KRR,12027,0,12027
KGD,GOJ,11890,0,11890
TJM,OVB,11846,0,11846
IWA,SIP,11812,0,11812
KRR,ARH,11784,4,2946
OMS,HMA,11770,0,11770
SIP,KHV,11728,0,11728
AER,KLF,11704,0,11704
ABA,KJA,11699,0,11699
PEE,ROV,11696,0,11696
IKT,MRV,11694,0,11694
LED,TBS,11687,0,11687
LED,TBW,11665,0,11665
IEV,OZH,11643,0,11643
DXB,IEV,11636,0,11636
IWA,AER,11611,0,11611
DXB,ROV,11552,0,11552
KZN,KUF,11527,0,11527
KGD,TJM,11471,4,2867
AUH,MOW,11443,0,11443
LED,HMA,11406,31,367
FRA,IST,11405,1,11405
KJA,VVO,11389,20,569
SVX,STW,11310,22,514
MMK,ROV,11285,3,3761
KJA,CEK,11285,0,11285
TJM,AYT,11258,0,11258
KGD,KLF,11207,0,11207
RTW,MRV,11201,0,11201
LED,PEZ,11183,10,1118
BTK,HTA,11142,8,1392
SVX,NYM,11133,6,1855
SIP,REN,11026,0,11026
ATH,MOW,11007,0,11007
KZN,NJC,11005,0,11005
GOJ,UFA,10955,0,10955
LED,FRU,10942,0,10942
MRV,RTW,10928,26,420
OVB,TJM,10920,0,10920
SLY,OMS,10909,20,545
URS,MRV,10847,6,1807
KJA,MJZ,10764,0,10764
KUF,AAQ,10752,0,10752
SVX,EYK,10735,0,10735
MOW,ODS,10686,0,10686
AYT,CEK,10642,0,10642
UFA,VOG,10605,0,10605
ALA,LED,10600,0,10600
CEK,KJA,10583,0,10583
IKT,ULK,10577,14,755
MOW,BUE,10567,0,10567
BAX,KJA,10554,10,1055
LED,BAK,10513,0,10513
YKS,KGD,10489,10,1048
DXB,UFA,10485,0,10485
AAQ,TJM,10476,0,10476
BER,IST,10468,0,10468
KRR,TOF,10463,0,10463
KJA,GDZ,10453,0,10453
AAQ,CEK,10406,0,10406
LED,KIV,10338,23,449
KUF,PEE,10337,0,10337
MOW,STO,10314,0,10314
VVO,OVB,10238,0,10238
MOW,NCE,10217,0,10217
NSK,LED,10160,2,5080
CSY,AER,10156,0,10156
AER,NOZ,10135,0,10135
BQS,LED,10126,0,10126
NER,OVB,10115,11,919
SIP,IJK,10095,0,10095
ROM,MOW,10086,0,10086
USK,MOW,10069,0,10069
LED,HKT,10054,0,10054
TJM,KJA,10049,0,10049
IST,TLV,10001,0,10001
SGC,GRV,9994,0,9994
KGP,MOW,9992,0,9992
IKT,KGD,9959,0,9959
AER,DXB,9941,0,9941
PYJ,OVB,9934,27,367
OMS,NUX,9905,52,190
SEZ,MOW,9901,0,9901
EYK,SVX,9891,8,1236
MOW,VCE,9850,0,9850
MJZ,MOW,9840,6,1640
AMS,IST,9830,0,9830
DPS,LED,9829,0,9829
SIP,BAX,9804,0,9804
SVX,OVS,9772,0,9772
IST,AMS,9738,0,9738
AER,NJC,9725,14,694
MEX,MOW,9701,0,9701
BAX,OMS,9692,0,9692
KRR,REN,9686,4,2421
NER,KJA,9638,5,1927
IST,FRU,9633,0,9633
MOW,KUL,9624,0,9624
NER,KHV,9601,0,9601
NOJ,TJM,9572,118,81
IST,FRA,9571,0,9571
BTK,IKT,9567,0,9567
KRR,NOZ,9546,0,9546
SCW,KGD,9524,0,9524
IST,ZRH,9520,0,9520
AER,KRO,9429,0,9429
MRV,KJA,9424,0,9424
ARH,PES,9412,0,9412
SVX,VOZ,9406,0,9406
SVX,TOF,9386,3,3128
KZN,ARH,9363,4,2340
LED,NSK,9310,4,2327
BQS,IKT,9305,0,9305
SLY,PEE,9241,16,577
MRV,NUX,9233,0,9233
OVB,NSK,9193,0,9193
HTA,OVB,9188,0,9188
IKT,ROV,9171,4,2292
VVO,YKS,9171,11,833
URS,KGD,9170,0,9170
STW,SVX,9133,20,456
KJA,IST,9133,0,9133
IST,OMS,9129,0,9129
ODS,IST,9097,0,9097
SIP,NOZ,9097,0,9097
NUX,MRV,9085,15,605
ROV,NJC,9067,2,4533
AER,YKS,9061,0,9061
IKT,KHV,9052,0,9052
KLF,ROV,9035,0,9035
HEL,MOW,8982,0,8982
IST,SGC,8972,0,8972
SSH,IST,8954,0,8954
MJZ,KJA,8950,0,8950
ROV,RTW,8927,0,8927
VOG,KGD,8918,0,8918
NUX,ROV,8911,0,8911
SVX,SKX,8871,0,8871
KRR,VVO,8840,0,8840
MOW,DAR,8834,0,8834
SGC,VOG,8782,10,878
MOW,DYR,8765,0,8765
MSQ,MLE,8760,0,8760
DXB,KUF,8748,0,8748
KRR,IJK,8727,0,8727
TLV,IST,8709,0,8709
IST,GZP,8697,0,8697
OVS,SVX,8693,0,8693
YKS,ROV,8653,0,8653
VOG,IST,8640,0,8640
UUD,KJA,8622,0,8622
MMK,MRV,8621,4,2155
LED,SKD,8608,0,8608
GDZ,SVX,8599,0,8599
IST,VOG,8592,0,8592
OVB,HTA,8573,0,8573
VOG,UFA,8481,0,8481
JOK,LED,8477,0,8477
SVX,TIV,8472,0,8472
GDX,IKT,8432,0,8432
IST,AER,8426,0,8426
UUD,KZN,8407,0,8407
VOZ,TJM,8407,0,8407
MOW,KTM,8373,0,8373
SAO,MOW,8367,0,8367
GRV,SVX,8336,0,8336
TJM,NOJ,8320,138,60
VOG,KZN,8313,0,8313
LED,BQS,8289,0,8289
OVB,VOG,8282,0,8282
NYM,UFA,8269,74,111
NOZ,SVX,8234,0,8234
MOW,AGP,8217,0,8217
REN,KGD,8207,24,341
KRR,NOJ,8204,54,151
KHV,AAQ,8186,0,8186
PEE,KUF,8180,0,8180
MOW,BOG,8136,0,8136
IKT,KYZ,8132,3,2710
SGC,EYK,8121,0,8121
SIP,VOZ,8116,0,8116
SGC,RTW,8111,8,1013
MSQ,TBS,8103,0,8103
LED,HTA,8102,0,8102
KRR,TAS,8097,0,8097
SGC,UUA,8048,0,8048
MSQ,SSH,8037,0,8037
CPT,MOW,8033,0,8033
IJK,SVX,7987,0,7987
PEZ,AER,7983,0,7983
OVB,NER,7972,20,398
NSK,KRR,7968,0,7968
HTA,AER,7949,0,7949
VOG,KUF,7906,0,7906
GOJ,PEE,7902,0,7902
OVB,MCX,7871,0,7871
UUD,UFA,7863,0,7863
MOW,OSL,7849,0,7849
NOZ,KGD,7837,6,1306
SGC,PEE,7834,2,3917
KGD,YKS,7830,0,7830
MRV,URS,7809,0,7809
KUF,OVB,7808,0,7808
LED,TIV,7806,0,7806
AAQ,ARH,7790,54,144
OSW,LED,7775,0,7775
KUF,OMS,7756,0,7756
PEE,SLY,7751,0,7751
IJK,KGD,7747,0,7747
AAQ,SCW,7746,0,7746
PEE,UFA,7736,0,7736
AER,UUD,7713,0,7713
KZN,MMK,7700,10,770
MOW,AMM,7695,0,7695
SSH,LED,7652,0,7652
MOW,BUS,7632,0,7632
VVO,SVX,7606,0,7606
SKX,MRV,7604,0,7604
MMK,SVX,7590,0,7590
KUF,KZN,7584,0,7584
RTW,KGD,7583,0,7583
TOF,SVX,7579,6,1263
NYM,SVX,7576,39,194
KGD,SCW,7553,40,188
IST,IKT,7544,0,7544
MOW,KGP,7542,0,7542
UFA,GDZ,7538,0,7538
SIP,KEJ,7532,0,7532
ROV,YKS,7530,28,268
PEZ,MOW,7487,0,7487
LED,SEL,7484,0,7484
OVB,VOZ,7483,0,7483
UFA,OVB,7481,0,7481
SVX,IJK,7449,0,7449
HMA,EYK,7388,0,7388
KVX,NNM,7385,0,7385
SGC,AYT,7323,0,7323
NOJ,KRR,7296,0,7296
AAQ,UFA,7289,0,7289
BAX,AAQ,7266,0,7266
IJK,KRR,7265,0,7265
KRR,AYT,7248,0,7248
MOW,ZAG,7229,0,7229
UFA,SLY,7179,35,205
LED,DYU,7160,0,7160
HKG,MOW,7160,0,7160
DUS,MOW,7156,0,7156
MJZ,IKT,7146,2,3573
NSK,OVB,7141,0,7141
ROV,TAS,7114,0,7114
VVO,HTA,7086,0,7086
KZN,TOF,7084,0,7084
BQS,HTA,7075,0,7075
VVO,KJA,7072,0,7072
NJC,PEE,7061,20,353
MRV,DXB,7053,0,7053
CEK,VOG,7031,0,7031
TJM,GDZ,7021,0,7021
MRV,BZK,7012,0,7012
NUX,CEK,7001,0,7001
CEE,AER,6996,11,636
KJA,NER,6995,24,291
SIN,MOW,6988,0,6988
OMS,KUF,6987,1,6987
URS,SIP,6975,44,158
KJA,DXB,6970,0,6970
TBW,LED,6969,0,6969
AYT,KJA,6968,0,6968
UFA,IKT,6949,0,6949
NER,YKS,6939,0,6939
KZN,TAS,6932,0,6932
MCX,KUF,6920,32,216
AAQ,PEE,6916,0,6916
NJC,OMS,6913,0,6913
MMK,ARH,6908,20,345
BZK,MOW,6885,0,6885
BKK,LED,6880,0,6880
AER,GRV,6873,0,6873
SVX,RGK,6865,0,6865
BQS,UUD,6864,0,6864
MRV,YKS,6864,0,6864
ARH,MRV,6827,0,6827
MCX,IKT,6780,0,6780
YKS,UUS,6778,0,6778
BEG,LED,6777,0,6777
IKT,BTK,6774,0,6774
ZNZ,LED,6768,0,6768
REN,MRV,6758,0,6758
MOW,SUI,6726,0,6726
BEG,IST,6698,0,6698
SGC,GDZ,6690,20,334
TOF,NJC,6679,90,74
MOW,DUB,6674,0,6674
KRR,HMA,6648,8,831
VOZ,MMK,6637,0,6637
KRR,ZNZ,6627,0,6627
MUC,IST,6600,0,6600
SIP,IAR,6591,0,6591
VOG,SGC,6590,0,6590
CEE,KGD,6590,0,6590
VCE,MOW,6566,0,6566
NNM,KVX,6558,0,6558
KZN,GDZ,6558,0,6558
VOZ,OVB,6555,0,6555
KGD,REN,6553,2,3276
IJK,AAQ,6537,0,6537
VOG,PEE,6516,20,325
NUX,AER,6511,0,6511
SVX,OGZ,6511,0,6511
RAK,MOW,6448,0,6448
MOW,SOF,6445,0,6445
BAX,KGD,6416,0,6416
SIP,IKT,6410,0,6410
AAQ,GOJ,6390,0,6390
BAX,TOF,6380,0,6380
HMA,SIP,6372,8,796
KRR,HTA,6368,8,796
KUF,SLY,6358,0,6358
KGD,SGC,6358,0,6358
KRR,PAR,6354,0,6354
KUF,MCX,6353,8,794
KJA,KUF,6341,0,6341
EVN,SVX,6320,0,6320
KJA,VOG,6307,0,6307
YKS,SIP,6305,0,6305
IKT,ODO,6284,9,698
KVX,KLF,6272,0,6272
CEK,GDZ,6271,0,6271
HMA,KRR,6270,4,1567
LED,TYO,6240,0,6240
LED,CUN,6236,0,6236
YKS,ULK,6228,4,1557
REN,KZN,6227,0,6227
MOW,JNB,6191,0,6191
NJC,ROV,6178,4,1544
IJK,MRV,6174,80,77
JKT,MOW,6174,0,6174
NOJ,PEE,6164,0,6164
AER,NUX,6141,15,409
KIV,LED,6099,0,6099
IST,ROM,6095,0,6095
ROM,IST,6062,0,6062
KZN,HMA,6049,26,232
LED,ESL,6034,0,6034
KJA,BAX,6033,4,1508
SGC,CEK,6018,0,6018
RTW,OVB,6005,0,6005
KZN,BAX,5990,0,5990
PYJ,MOW,5985,1,5985
BQS,SVX,5978,0,5978
VOG,CEK,5956,0,5956
EYK,SGC,5945,0,5945
MCX,KGD,5911,66,89
HMA,KZN,5826,0,5826
IST,MAD,5802,0,5802
YKS,UUD,5800,4,1450
IST,VOZ,5796,0,5796
MSQ,HRG,5791,0,5791
LED,HAV,5781,0,5781
KGD,AAQ,5780,0,5780
AYT,VOZ,5779,0,5779
SVX,BQS,5768,0,5768
NUX,UUA,5754,8,719
GZP,IST,5747,0,5747
PYJ,KJA,5735,0,5735
LED,PES,5728,0,5728
SIP,VOG,5726,0,5726
KZN,TJM,5702,0,5702
NUX,OVB,5692,16,355
TGD,IST,5691,0,5691
REN,AAQ,5682,0,5682
IEV,LED,5672,0,5672
BHK,MOW,5658,0,5658
KZN,REN,5650,0,5650
DXB,MSQ,5648,0,5648
KJA,HMA,5588,0,5588
MOW,BHK,5565,0,5565
HMA,AER,5519,0,5519
LED,ATH,5507,0,5507
LED,LWN,5493,0,5493
LED,VGD,5483,0,5483
KRR,MLE,5478,0,5478
KZN,UUD,5461,0,5461
BQS,SIP,5453,0,5453
HTA,VVO,5449,0,5449
KZN,VOG,5439,0,5439
AAQ,AER,5427,0,5427
GDZ,KZN,5420,0,5420
NNM,LED,5392,0,5392
ZRH,MOW,5388,0,5388
MOW,BUH,5383,0,5383
HMA,NJC,5380,0,5380
EYK,HMA,5373,0,5373
MOW,HRK,5366,0,5366
KGD,RTW,5359,0,5359
MRV,MMK,5356,0,5356
VOG,TJM,5351,0,5351
DPS,IEV,5344,0,5344
KUF,MMK,5342,1,5342
KJA,GOJ,5339,0,5339
GOJ,OVB,5329,0,5329
ARH,MMK,5325,0,5325
AYT,BAK,5321,0,5321
MRV,PKV,5321,0,5321
AAQ,KHV,5314,0,5314
MOW,VGD,5310,0,5310
ODO,IKT,5309,3,1769
MOW,VLC,5292,0,5292
BAX,KZN,5277,0,5277
IST,BCN,5265,0,5265
FRU,DXB,5260,0,5260
KGD,MCX,5239,0,5239
MMK,PES,5236,0,5236
VOZ,VOG,5235,0,5235
SKX,LED,5230,0,5230
TAS,KZN,5220,0,5220
KGD,STW,5199,0,5199
ULY,KRR,5171,8,646
CEE,SIP,5161,24,215
KRR,ROV,5144,0,5144
KGD,VOG,5127,0,5127
GOJ,IST,5124,0,5124
CEK,IKT,5120,0,5120
MAD,MOW,5116,0,5116
KIV,IST,5073,0,5073
HRG,IST,5073,0,5073
MOW,ADD,5065,0,5065
HTA,KRR,5060,0,5060
DYU,IST,5050,0,5050
PES,LED,5040,0,5040
KUF,KJA,5037,0,5037
KUF,GRV,5037,0,5037
TBW,KRR,5037,0,5037
DXB,AER,5032,0,5032
AER,AYT,5026,0,5026
NNM,ARH,5024,0,5024
NJC,MRV,5018,0,5018
IKT,TOF,5018,2,2509
AAQ,SGC,5003,0,5003
LED,TGD,4987,0,4987
MOW,EYK,4962,0,4962
SCW,MRV,4955,44,112
HRK,SSH,4947,0,4947
MSQ,DPS,4947,0,4947
EVN,DXB,4936,0,4936
ULK,IKT,4933,3,1644
MRV,ARH,4884,12,407
KRR,NSK,4884,0,4884
AAQ,KZN,4876,0,4876
ULY,MRV,4858,0,4858
AAQ,TOF,4854,0,4854
OMS,NJC,4836,0,4836
NUX,REN,4832,0,4832
KGD,URS,4829,0,4829
MMK,VOZ,4825,0,4825
LIS,MOW,4818,0,4818
RTW,UFA,4802,0,4802
MOW,MRU,4775,0,4775
NSK,SVX,4772,0,4772
MOW,TBW,4760,0,4760
LED,NNM,4753,0,4753
REN,IST,4720,0,4720
KRR,ULY,4708,0,4708
NOJ,SVX,4680,0,4680
PAR,KRR,4673,0,4673
STO,MOW,4670,0,4670
ROV,KLF,4666,0,4666
GRV,KGD,4639,6,773
GOJ,VOG,4615,0,4615
IKT,PYJ,4603,0,4603
KVX,KRR,4601,0,4601
IKT,SVX,4596,0,4596
KEJ,AYT,4583,0,4583
GOJ,MMK,4576,0,4576
NJC,AAQ,4575,0,4575
IKT,GDX,4572,0,4572
ARH,NNM,4546,0,4546
SIP,IWA,4545,0,4545
NSK,MRV,4543,0,4543
BUE,MOW,4528,0,4528
RIX,MOW,4513,0,4513
MOW,PYJ,4513,12,376
AYT,IKT,4508,0,4508
ARH,ROV,4506,2,2253
ROV,BAK,4493,1,4493
SLY,AER,4492,8,561
KGD,KVX,4479,0,4479
OVB,MMK,4463,0,4463
BQS,AAQ,4449,0,4449
AAQ,BAX,4442,0,4442
TLV,IEV,4421,0,4421
STW,KGD,4413,0,4413
MOW,BAH,4410,0,4410
KGD,IJK,4409,0,4409
TJM,VOZ,4403,0,4403
SVX,KVX,4371,0,4371
SVX,HTA,4368,0,4368
ROV,ZNZ,4357,0,4357
IST,BUH,4353,0,4353
HKT,LED,4353,0,4353
KRO,SIP,4348,0,4348
AER,CEE,4348,20,217
NOJ,AER,4338,0,4338
CEK,MMK,4332,0,4332
URJ,SVX,4324,0,4324
MOW,MUC,4324,0,4324
REN,UFA,4323,0,4323
OVB,RTW,4318,0,4318
ROV,MLE,4308,0,4308
LED,ABA,4298,0,4298
MOW,AMS,4298,0,4298
MCX,DXB,4296,0,4296
DYU,DXB,4294,0,4294
IST,TJM,4293,0,4293
KUF,IKT,4273,0,4273
MRV,OMS,4264,0,4264
IKT,CEK,4258,0,4258
NUX,VOG,4249,0,4249
KUF,HMA,4241,8,530
SGC,IGT,4238,0,4238
IEV,TLV,4230,0,4230
NSK,AER,4214,0,4214
AER,IWA,4213,0,4213
DOH,MOW,4211,0,4211
KZN,KVX,4202,0,4202
CEK,NUX,4201,8,525
TJM,DXB,4198,0,4198
KJA,PYJ,4195,10,419
BAK,IZM,4169,0,4169
NER,KRR,4167,76,54
UCT,AER,4167,20,208
OMS,GOJ,4161,0,4161
GDX,MOW,4151,0,4151
MOW,TIA,4114,0,4114
MMK,UFA,4110,0,4110
SVX,NSK,4099,0,4099
KGD,CEE,4098,0,4098
AER,HTA,4094,0,4094
LED,LIS,4078,0,4078
KZN,ZNZ,4077,0,4077
TOF,MRV,4074,0,4074
IST,CUN,4061,0,4061
AAQ,REN,4054,0,4054
UUA,SGC,4053,6,675
LED,DEL,4042,0,4042
KEJ,IST,4036,0,4036
RTW,SGC,4028,0,4028
ALA,PRG,4024,0,4024
ALA,KRR,4023,0,4023
TBW,MOW,4021,0,4021
GRV,KRR,4010,0,4010
CSY,SIP,4009,0,4009
LED,MUC,3974,0,3974
UFA,NNM,3966,0,3966
NYM,KRR,3962,1,3962
NBC,IST,3956,0,3956
SLY,OVB,3926,45,87
KRO,KRR,3923,0,3923
BZK,AAQ,3922,0,3922
SIP,MCX,3903,0,3903
EGO,KGD,3879,0,3879
EGO,AER,3874,0,3874
TBS,LED,3871,0,3871
MLE,MSQ,3865,0,3865
ASF,SVX,3851,0,3851
SGC,IKT,3845,0,3845
SVX,DYU,3840,0,3840
KEJ,ABA,3828,0,3828
KUF,REN,3827,0,3827
NUX,SIP,3827,0,3827
SVX,ARH,3827,0,3827
IST,ATH,3825,0,3825
VOZ,KJA,3823,0,3823
BAK,DXB,3821,0,3821
MCX,KJA,3818,0,3818
TJM,VOG,3818,0,3818
DAR,MOW,3808,0,3808
KEJ,MRV,3804,0,3804
AER,HMA,3778,34,111
GDZ,KJA,3767,0,3767
HRK,MOW,3760,0,3760
SVX,GRV,3743,0,3743
NUX,VOZ,3729,0,3729
KGD,DXB,3727,0,3727
TAS,ROV,3724,0,3724
MRV,IJK,3716,0,3716
BAX,ROV,3716,0,3716
MOW,PWE,3715,2,1857
AAQ,KGD,3696,0,3696
NJC,KJA,3666,0,3666
RTW,SIP,3663,0,3663
REN,NUX,3661,0,3661
TJM,GOJ,3655,0,3655
AAQ,NOZ,3653,0,3653
IWA,MOW,3644,0,3644
HEL,LED,3638,0,3638
IKT,TJM,3624,0,3624
KGD,IST,3610,0,3610
TBS,IST,3594,0,3594
CEK,GOJ,3583,0,3583
OMS,KJA,3582,0,3582
MMK,KUF,3581,0,3581
SGC,IST,3579,0,3579
ABA,KEJ,3579,0,3579
UUA,NUX,3571,0,3571
YKS,BQS,3571,0,3571
EYK,MOW,3565,4,891
CEK,MCX,3565,0,3565
GDX,DYR,3564,3,1188
MSQ,ROV,3562,0,3562
NUX,SLY,3556,74,48
SGC,STW,3553,0,3553
KVX,MRV,3550,0,3550
MOW,BCN,3542,0,3542
TJM,EYK,3539,0,3539
KJA,NJC,3535,0,3535
SIP,DXB,3526,0,3526
TJM,IKT,3513,0,3513
MRV,REN,3510,0,3510
ARH,SVX,3502,20,175
ROV,ARH,3494,0,3494
SGC,VOZ,3491,0,3491
KRR,DPS,3491,0,3491
ROV,PRG,3489,0,3489
ROV,SCW,3482,24,145
KRR,MQF,3478,0,3478
IAR,AAQ,3471,0,3471
IST,DUS,3470,0,3470
MOW,OVS,3466,0,3466
AYT,KUF,3450,0,3450
OMS,MCX,3447,0,3447
ROV,EVN,3440,0,3440
JNB,MOW,3436,0,3436
LED,MLA,3420,0,3420
SHJ,IST,3409,0,3409
IST,IZM,3405,0,3405
TOF,SGC,3403,5,680
AAQ,KUF,3387,0,3387
AAQ,IJK,3387,0,3387
NER,ROV,3384,12,282
OVB,VVO,3381,0,3381
NCE,MOW,3373,0,3373
MMK,GOJ,3371,0,3371
HTA,YKS,3367,0,3367
AER,STW,3363,0,3363
MOW,PTY,3357,0,3357
CEK,SGC,3346,0,3346
DXB,KJA,3344,0,3344
MRV,NJC,3337,0,3337
KTM,MOW,3334,0,3334
BZK,LED,3331,0,3331
KRR,TIV,3302,0,3302
IST,ODS,3299,0,3299
SCW,NNM,3299,0,3299
SCW,ROV,3249,4,812
LED,RIX,3248,0,3248
IST,ANK,3239,0,3239
UFA,KEJ,3239,0,3239
ODS,MOW,3239,0,3239
HMA,KUF,3236,0,3236
SIP,HMA,3235,20,161
PKV,MRV,3228,8,403
RTW,STW,3217,0,3217
OVS,MOW,3208,20,160
KZN,MLE,3207,0,3207
ULK,YKS,3207,4,801
OVB,NUX,3199,21,152
IEV,VNO,3192,0,3192
MRV,VOZ,3187,0,3187
BOG,MOW,3185,0,3185
ASF,UFA,3181,0,3181
MOW,FEG,3180,0,3180
DUS,IST,3180,0,3180
MOW,VKT,3176,0,3176
HMA,ROV,3175,9,352
DXB,MRV,3171,0,3171
TIV,LED,3171,0,3171
PEE,NJC,3167,3,1055
IEV,SHJ,3156,0,3156
KGD,IKT,3155,0,3155
MMK,CEK,3145,0,3145
ATH,IST,3144,0,3144
SGC,TOF,3140,0,3140
OMS,BAX,3140,0,3140
MCX,NOJ,3130,0,3130
KJA,BQS,3128,0,3128
CEK,OMS,3128,0,3128
MQF,SIP,3124,0,3124
LED,SKX,3113,0,3113
LED,DAR,3109,0,3109
SSH,MSQ,3108,0,3108
NBC,AAQ,3103,0,3103
IAR,KZN,3091,0,3091
NOZ,KJA,3081,0,3081
MMK,MCX,3073,0,3073
LED,SAO,3062,0,3062
AER,CSY,3051,0,3051
MRV,NOJ,3050,0,3050
GOJ,CEK,3038,0,3038
ROM,ALA,3038,0,3038
PYJ,IKT,3033,0,3033
REN,ROV,3029,0,3029
HMA,OVB,3021,0,3021
IKT,MJZ,3016,0,3016
KZN,SHJ,3006,0,3006
AAQ,IKT,3001,0,3001
ULY,SIP,2984,0,2984
KJA,TLK,2978,0,2978
UFA,HTA,2975,0,2975
PEE,STW,2974,0,2974
KUL,MOW,2966,0,2966
KGD,NOZ,2956,0,2956
HMA,RTW,2954,0,2954
UUD,OVB,2945,0,2945
GRV,OVB,2944,0,2944
ALA,ROM,2939,0,2939
ASF,IKT,2920,0,2920
SLY,NUX,2901,22,131
KHV,MRV,2900,0,2900
MCX,CEK,2897,0,2897
LED,NBO,2881,0,2881
CPH,MOW,2876,0,2876
MCX,KRO,2872,0,2872
ROV,REN,2869,0,2869
KRR,URS,2866,0,2866
KRR,YKS,2866,0,2866
RGK,SVX,2849,0,2849
LED,HKG,2846,0,2846
LED,VKT,2840,0,2840
TOF,IKT,2836,0,2836
KGD,EGO,2812,0,2812
KRR,NYM,2809,32,87
OVB,REN,2787,0,2787
BUS,MOW,2781,0,2781
CEK,GRV,2779,0,2779
BAK,ANK,2779,0,2779
SIP,CEE,2777,54,51
KRR,FRA,2766,0,2766
VGD,LED,2759,0,2759
KJA,KHV,2754,0,2754
OGZ,KJA,2754,0,2754
SVX,BAK,2741,0,2741
OVB,BQS,2738,0,2738
MSQ,BUS,2727,0,2727
IST,KEJ,2726,0,2726
VOZ,NUX,2725,0,2725
NJC,VOG,2718,0,2718
GOJ,OMS,2715,0,2715
SIP,YKS,2713,0,2713
SUI,MOW,2708,0,2708
VOZ,PEE,2704,0,2704
PES,KGD,2702,0,2702
SVX,MJZ,2700,3,900
SLY,SIP,2694,0,2694
TJM,RTW,2694,0,2694
IST,ECN,2693,0,2693
KJA,GRV,2693,12,224
VOZ,DXB,2679,0,2679
OVB,GRV,2673,0,2673
ROV,IEV,2668,0,2668
KZN,NOZ,2666,0,2666
MSQ,OZH,2655,0,2655
VOZ,SGC,2650,0,2650
KZN,ASF,2648,0,2648
MOW,KBL,2644,0,2644
KEJ,SVX,2633,0,2633
UFA,SCW,2628,0,2628
IST,GOJ,2625,0,2625
TIV,SVX,2621,0,2621
CUN,LED,2619,0,2619
BTK,OVB,2612,0,2612
LED,EVN,2609,0,2609
EGO,KRR,2608,0,2608
MMK,CEE,2606,0,2606
KHV,DYR,2606,0,2606
MRV,NSK,2604,0,2604
BEY,MOW,2603,0,2603
OMS,NOZ,2603,0,2603
KGD,OGZ,2596,30,86
BQS,KRR,2596,0,2596
IGT,UFA,2595,0,2595
AER,PEZ,2591,0,2591
KRR,NER,2587,4,646
MRV,ULY,2586,0,2586
KHV,KZN,2573,0,2573
MMK,KZN,2559,0,2559
VOG,MMK,2556,0,2556
BQS,OVB,2555,0,2555
MRV,SKX,2550,0,2550
KLF,SVX,2548,0,2548
OMS,STW,2539,0,2539
RIX,VNO,2526,0,2526
TOF,ABA,2520,0,2520
AMM,MOW,2518,0,2518
TJM,GRV,2515,0,2515
KUF,OGZ,2510,0,2510
IST,KIV,2509,0,2509
SVX,URJ,2505,0,2505
AGP,MOW,2502,0,2502
GOJ,TJM,2501,0,2501
NSK,UFA,2500,0,2500
SIP,NUX,2498,10,249
SEL,LED,2492,0,2492
SIP,MQF,2469,0,2469
SIP,URS,2467,0,2467
KJA,PEE,2459,0,2459
IKT,UKX,2459,0,2459
IKT,SGC,2455,0,2455
RTW,TJM,2449,0,2449
PEE,KJA,2446,0,2446
HAV,LED,2444,0,2444
KIV,PAR,2434,0,2434
UFA,ASF,2433,0,2433
MLE,KRR,2433,0,2433
HTA,AAQ,2433,0,2433
CEE,MMK,2431,0,2431
SIP,ASF,2429,0,2429
ROV,NOJ,2424,22,110
AAQ,MMK,2423,0,2423
IJK,IST,2423,0,2423
AAQ,BQS,2416,0,2416
VVO,KRR,2414,0,2414
MOW,CCS,2413,0,2413
ECN,IST,2408,0,2408
MOW,ALG,2395,0,2395
YKS,MJZ,2392,8,299
OSL,MOW,2391,0,2391
KGD,BAX,2384,0,2384
MSQ,BKK,2383,0,2383
ASF,ROV,2362,0,2362
DXB,DYU,2362,0,2362
FRA,KRR,2355,0,2355
HMA,EZV,2345,0,2345
NSK,ROV,2337,0,2337
CEK,SIP,2336,5,467
NNM,UFA,2334,0,2334
DUB,MOW,2329,0,2329
OGZ,AER,2328,0,2328
BQS,YKS,2316,12,193
ROV,NER,2314,12,192
BQJ,YKS,2309,8,288
GDZ,TJM,2309,0,2309
TBS,MSQ,2306,0,2306
TYO,LED,2302,0,2302
ROV,NSK,2300,0,2300
NBC,SVX,2292,0,2292
SGC,GOJ,2290,0,2290
SGC,DXB,2282,0,2282
NAV,IST,2276,0,2276
OMS,CEK,2265,0,2265
KGD,ULY,2258,0,2258
ULY,SVX,2257,0,2257
NOZ,KZN,2255,0,2255
BZK,SIP,2253,0,2253
SIP,NJC,2253,0,2253
KZN,FRU,2244,0,2244
CEK,KUF,2241,0,2241
MRV,VOG,2239,0,2239
SLY,KZN,2234,0,2234
SCW,SVX,2232,0,2232
ASF,KUF,2230,0,2230
KGD,GRV,2220,0,2220
VOZ,OMS,2215,0,2215
HRG,MSQ,2212,0,2212
UUS,YKS,2201,0,2201
MMK,VOG,2198,0,2198
GOJ,SGC,2193,0,2193
IST,MEX,2190,0,2190
NUX,GOJ,2183,0,2183
UFA,UUD,2179,0,2179
ROV,BEG,2167,0,2167
KRR,OSW,2167,0,2167
ZAG,MOW,2165,0,2165
NOJ,ROV,2161,0,2161
LED,ZRH,2160,0,2160
TLK,KJA,2159,0,2159
LED,BUS,2156,0,2156
SLY,ROV,2153,0,2153
KRO,KZN,2149,0,2149
GDZ,UFA,2146,0,2146
KEJ,UFA,2140,0,2140
HTA,KGD,2138,0,2138
MOW,LON,2135,0,2135
GOJ,BAX,2125,0,2125
KZN,DPS,2111,0,2111
SEL,CJU,2105,0,2105
VOG,NUX,2095,0,2095
GOJ,NUX,2093,2,1046
VOZ,ROV,2091,0,2091
MOW,BGW,2087,0,2087
NUX,AAQ,2081,0,2081
LED,MEX,2075,0,2075
MRV,LCA,2070,0,2070
GDZ,SGC,2066,0,2066
KZN,KHV,2060,0,2060
VOG,NJC,2059,0,2059
SLY,KRR,2056,0,2056
DXB,EVN,2054,0,2054
UKX,IKT,2053,0,2053
NOJ,KZN,2041,0,2041
PKV,LED,2033,0,2033
ATH,LED,2030,0,2030
YKS,BQJ,2025,9,225
DPS,MSQ,2022,0,2022
ASB,IST,2021,0,2021
NUX,KJA,2015,0,2015
MRU,MOW,2014,0,2014
GDZ,CEK,2013,0,2013
KZN,BZK,2013,0,2013
HAM,LED,2013,0,2013
ADD,MOW,2011,0,2011
CSY,KRR,2010,0,2010
AYT,OMS,2004,0,2004
USK,UUA,2004,0,2004
ROV,DPS,2001,0,2001
IKT,KUF,1999,0,1999
IST,LON,1998,0,1998
MRV,ASF,1994,0,1994
MCX,GOJ,1994,0,1994
KRR,SLY,1992,4,498
VKT,MOW,1990,0,1990
AYT,TJM,1990,0,1990
AER,NSK,1988,0,1988
VOG,KJA,1982,0,1982
SIP,SLY,1981,42,47
FRU,SVX,1978,0,1978
HTA,LED,1978,0,1978
KGD,GDZ,1976,0,1976
GRV,CPH,1966,0,1966
VOZ,TAS,1961,0,1961
SIP,BQS,1949,0,1949
AER,NOJ,1933,0,1933
KRR,ALA,1918,0,1918
KZN,SLY,1914,0,1914
BQS,MRV,1908,0,1908
MJZ,YKS,1902,0,1902
DYR,MOW,1902,0,1902
URS,KRR,1892,0,1892
IKT,AYT,1892,0,1892
IKT,SIP,1889,0,1889
KRO,MRV,1888,0,1888
KJA,VOZ,1888,0,1888
OVB,ARH,1874,12,156
CSY,SGC,1870,1,1870
KUF,SCW,1863,0,1863
KRO,KGD,1863,0,1863
PEE,NOJ,1863,0,1863
YKS,GDX,1856,3,618
MLE,ROV,1855,0,1855
KZN,GRV,1854,0,1854
ANK,BAK,1852,0,1852
ULY,KGD,1849,0,1849
MCX,OVB,1846,0,1846
URS,AAQ,1835,0,1835
KUF,RTW,1835,0,1835
VVO,UFA,1835,0,1835
TJM,VVO,1834,0,1834
MMK,NBC,1828,4,457
ROV,KVX,1820,0,1820
MCX,SCW,1819,14,129
NUX,IJK,1813,0,1813
AER,UCT,1803,0,1803
BAH,MOW,1802,0,1802
KRR,BQS,1797,0,1797
RTW,MMK,1795,0,1795
AER,PES,1794,0,1794
DXB,FRU,1786,0,1786
TJM,EZV,1783,0,1783
DYR,GDX,1782,0,1782
ROV,TOF,1782,0,1782
IST,SJJ,1780,0,1780
KRR,RGK,1778,0,1778
IKT,IJK,1775,0,1775
ROV,PKV,1770,0,1770
TJM,OVS,1770,0,1770
TAS,RIX,1769,0,1769
ODS,SSH,1767,0,1767
IEV,ROV,1753,0,1753
BAK,LED,1750,0,1750
RTW,KJA,1749,0,1749
ROV,NYM,1748,8,218
KGD,KRO,1743,0,1743
ARH,KUF,1741,0,1741
SVX,KYZ,1734,6,289
MAD,IST,1732,0,1732
TJM,NOZ,1728,0,1728
EZV,HMA,1724,0,1724
TGD,LED,1724,0,1724
IZM,IEV,1722,0,1722
ROV,BQS,1722,2,861
TJM,STW,1713,0,1713
BUH,MOW,1706,0,1706
VVO,UUD,1706,0,1706
NER,AER,1702,0,1702
SOF,MOW,1697,0,1697
PRG,ALA,1696,0,1696
MOW,DUS,1687,0,1687
KGD,PES,1684,0,1684
HMA,AAQ,1683,0,1683
BER,LED,1680,0,1680
OGZ,KGD,1678,0,1678
YKS,NER,1678,0,1678
MJZ,LED,1677,0,1677
IAR,KGD,1674,0,1674
ZNZ,ROV,1672,0,1672
LON,ALA,1669,0,1669
KUF,USK,1660,0,1660
DXB,MCX,1658,0,1658
YKS,HTA,1657,0,1657
ROV,HMA,1653,18,91
AER,MLE,1645,0,1645
TLV,KRR,1644,0,1644
DXB,KGD,1635,0,1635
DXB,TJM,1634,0,1634
NUX,EGO,1626,0,1626
UUD,TJM,1618,0,1618
KRR,UCT,1613,0,1613
GOJ,STW,1610,0,1610
MMK,PEE,1602,0,1602
BAK,ROV,1601,0,1601
GRV,SIP,1601,0,1601
AER,BQS,1600,0,1600
KJA,REN,1598,0,1598
NBC,VOG,1595,0,1595
REN,KRR,1591,0,1591
KGD,HTA,1591,0,1591
SCW,KUF,1586,0,1586
SVX,NYA,1584,0,1584
PEZ,MRV,1584,0,1584
VLC,MOW,1582,0,1582
IST,SIP,1578,0,1578
NLI,KHV,1578,0,1578
VOZ,KUF,1572,0,1572
SVX,EGO,1570,0,1570
KHV,UFA,1567,0,1567
MOW,DAC,1560,0,1560
UFA,NSK,1556,0,1556
NNM,SCW,1553,0,1553
MOW,ACC,1552,0,1552
ROV,SLY,1548,2,774
MRV,TOF,1547,0,1547
LED,MJZ,1542,0,1542
MJZ,KRR,1541,0,1541
HTA,KZN,1541,0,1541
OVB,ULY,1540,0,1540
UUS,UUD,1540,0,1540
ROV,ALA,1539,0,1539
IKT,MMK,1538,0,1538
HAM,IST,1537,0,1537
LED,ZAG,1536,0,1536
TIA,MOW,1528,0,1528
IKT,PEE,1528,0,1528
BEG,KRR,1526,0,1526
OGZ,PEE,1521,0,1521
OVS,LED,1517,0,1517
KZN,NOJ,1514,0,1514
SVX,CEE,1513,2,756
TAS,KRR,1508,0,1508
KVX,KUF,1508,0,1508
IGT,TJM,1507,0,1507
CUN,IST,1507,0,1507
MSQ,HAV,1504,0,1504
LED,OSL,1502,0,1502
CEE,AAQ,1494,0,1494
LED,SEZ,1491,0,1491
MRV,BAX,1490,0,1490
YKS,OMS,1482,0,1482
NOJ,SLY,1482,28,52
DAR,LED,1481,0,1481
FEG,MOW,1476,0,1476
DYR,KHV,1471,1,1471
KVK,AER,1470,0,1470
AAQ,IAR,1466,0,1466
OVB,MRV,1463,0,1463
CEK,NSK,1462,4,365
REN,GOJ,1459,0,1459
OMS,SLY,1453,0,1453
NOZ,TJM,1450,0,1450
NSK,ABA,1449,0,1449
UUD,VVO,1448,0,1448
ROV,EGO,1448,0,1448
YKS,USR,1441,5,288
NSK,CEK,1439,0,1439
MLE,KZN,1436,0,1436
KRR,MAD,1435,0,1435
IKT,NOZ,1434,0,1434
AAQ,NJC,1434,0,1434
UCT,SIP,1432,0,1432
HMA,MRV,1431,0,1431
TLV,KIV,1428,0,1428
SIP,CSY,1426,0,1426
HTA,UFA,1425,4,356
MOW,LUX,1423,0,1423
TJM,REN,1422,0,1422
AER,SLY,1415,0,1415
ROV,NOZ,1407,0,1407
UUS,PKC,1405,0,1405
DXB,BAK,1400,0,1400
GOJ,VOZ,1398,0,1398
ZNZ,KZN,1397,0,1397
OMS,KHV,1397,0,1397
MOW,KHE,1396,0,1396
MMK,OVB,1394,0,1394
OMS,RTW,1392,0,1392
GOJ,ARH,1391,0,1391
CAI,LED,1389,0,1389
GDX,KPW,1382,0,1382
HRK,HRG,1380,0,1380
DPS,KRR,1379,0,1379
KRR,PEZ,1374,0,1374
SLY,MRV,1371,0,1371
KGD,BQS,1366,0,1366
MOW,GDX,1365,0,1365
VNO,IEV,1365,0,1365
SVX,IAR,1364,0,1364
OVS,TJM,1359,0,1359
IST,MRS,1358,0,1358
TOF,TJM,1356,0,1356
CJU,SEL,1355,0,1355
TJM,TOF,1350,0,1350
LIS,LED,1349,0,1349
OMS,VOZ,1348,0,1348
TOF,ROV,1346,0,1346
NER,VVO,1346,0,1346
MCX,RTW,1345,0,1345
KHV,IST,1344,0,1344
KHV,OHO,1342,2,671
IST,REN,1339,0,1339
EGO,ROV,1339,0,1339
ARH,GOJ,1338,0,1338
NER,MRV,1335,0,1335
LED,SIN,1335,0,1335
VOZ,GDZ,1334,0,1334
IST,SAO,1327,0,1327
PYJ,YKS,1326,0,1326
LED,VLC,1320,0,1320
KRR,MJZ,1320,2,660
REN,KHV,1319,0,1319
KUF,GZP,1314,0,1314
ALA,ROV,1313,0,1313
AAQ,VOG,1311,0,1311
KZN,KLF,1310,0,1310
FRU,AER,1309,0,1309
VRN,MOW,1309,0,1309
YKS,DPT,1308,29,45
ROV,BZK,1308,0,1308
ABA,LED,1308,0,1308
IST,DYU,1302,0,1302
NBC,SGC,1301,0,1301
RIX,HEL,1299,0,1299
MRV,SCW,1296,0,1296
CPH,IST,1295,0,1295
SAO,LED,1292,0,1292
TLV,AER,1291,0,1291
ROV,IAR,1288,0,1288
URJ,MOW,1284,7,183
DXB,VOZ,1283,0,1283
KRR,CEE,1282,20,64
GRV,KJA,1276,0,1276
PTY,MOW,1274,0,1274
NBO,LED,1268,0,1268
LED,OVS,1267,8,158
PKC,UUS,1265,0,1265
EYK,UFA,1261,0,1261
GOJ,KHV,1261,0,1261
UFA,UCT,1260,0,1260
LED,IEV,1258,0,1258
DAC,MOW,1250,0,1250
NNM,AER,1250,0,1250
MCX,AAQ,1244,0,1244
TBS,DXB,1241,0,1241
KRR,NNM,1239,0,1239
IAR,ROV,1237,0,1237
SEL,HKG,1236,0,1236
NYM,SIP,1234,0,1234
GOJ,NOZ,1218,0,1218
ALA,BCN,1214,0,1214
HTA,MRV,1213,0,1213
STW,KUF,1210,0,1210
CEE,KRR,1208,0,1208
MOW,GOT,1207,0,1207
SVX,KVK,1204,0,1204
MOW,CKY,1201,0,1201
CEE,MRV,1199,0,1199
SLY,MCX,1199,2,599
HKG,LED,1190,0,1190
KJA,IJK,1186,0,1186
SLY,KUF,1186,20,59
SOF,IST,1183,0,1183
KJA,THX,1180,0,1180
RTW,MCX,1179,0,1179
ROV,ROM,1167,0,1167
AYT,SGC,1164,0,1164
OVB,GOJ,1157,0,1157
SGC,CSY,1154,0,1154
SIP,GRV,1150,0,1150
ARH,IST,1149,0,1149
OVS,NJC,1148,0,1148
SSH,HRK,1147,0,1147
ABA,IKT,1144,0,1144
MLA,LED,1142,0,1142
IST,NBC,1137,0,1137
MSQ,HKG,1134,0,1134
AER,TAS,1125,0,1125
PEE,SGC,1117,0,1117
RIX,TAS,1117,0,1117
VOG,OVB,1114,0,1114
IKS,YKS,1112,5,222
ROV,KRO,1111,0,1111
OGZ,SVX,1108,0,1108
KHV,GOJ,1105,0,1105
KRR,ATH,1103,0,1103
MOW,KQT,1103,0,1103
OMS,GRV,1099,0,1099
YKS,IKS,1090,1,1090
IWA,KRR,1089,0,1089
PEE,OMS,1089,0,1089
ARH,SCW,1077,0,1077
DEL,LED,1076,0,1076
SIP,KRO,1073,12,89
TAS,VNO,1073,0,1073
UFA,MCX,1071,0,1071
KHV,REN,1070,0,1070
EYK,LED,1065,0,1065
HTA,BQS,1064,0,1064
TOF,UFA,1060,0,1060
LED,PTY,1056,0,1056
NJC,IKT,1056,0,1056
KZN,DYU,1055,0,1055
KZN,LPK,1055,0,1055
USK,TJM,1047,0,1047
AYT,KEJ,1046,0,1046
IST,BEY,1045,0,1045
HMA,MCX,1039,0,1039
MSQ,AUH,1035,0,1035
MOW,UKX,1033,0,1033
MOW,VNO,1029,0,1029
GOJ,KJA,1028,0,1028
BQS,OMS,1028,0,1028
IGT,KJA,1027,0,1027
KHV,OMS,1024,0,1024
ASF,AAQ,1022,0,1022
KUF,NSK,1021,20,51
IST,KGD,1017,0,1017
USR,YKS,1016,1,1016
MOW,URJ,1014,0,1014
TAS,VOZ,1012,0,1012
FRU,MSQ,1011,0,1011
KEJ,ROV,1008,0,1008
ALA,VIE,1008,0,1008
SLY,NOJ,1006,4,251
BUS,MSQ,1004,0,1004
IJK,IKT,1003,0,1003
LED,EYK,1003,0,1003
VOZ,IKT,1000,0,1000
AAQ,NUX,998,0,998
KHV,MJZ,998,0,998
TOF,KJA,992,0,992
UFA,EYK,988,0,988
KQT,MOW,984,0,984
NOZ,AAQ,983,0,983
MQF,IST,973,0,973
DYU,KRR,968,0,968
HRK,KRR,967,0,967
AAQ,URS,965,0,965
ROV,TYO,965,0,965
KEJ,MCX,963,0,963
MUC,LED,956,0,956
SIP,ULY,956,0,956
ROV,MSQ,949,0,949
NOJ,UUA,948,0,948
KRR,KGP,947,0,947
TJM,EGO,942,0,942
NJC,TOF,941,0,941
NSK,SIP,938,0,938
OVS,ROV,937,0,937
EZV,TJM,935,0,935
NOZ,ROV,930,0,930
KHV,CEK,929,0,929
BAK,AYT,927,0,927
VVO,KUF,925,0,925
UUS,BQS,925,0,925
KZN,HRG,925,0,925
EYK,KRR,924,0,924
KUF,YKS,923,0,923
VIE,ALA,923,0,923
DPT,YKS,923,11,83
KUF,EGO,923,0,923
NBC,MMK,920,0,920
SIP,NOJ,919,28,32
PWE,MOW,918,0,918
BQS,UUS,915,0,915
EZV,IRM,915,0,915
EGO,NUX,913,0,913
ATH,KRR,912,0,912
YKS,KUF,912,0,912
NJC,GOJ,909,0,909
KPW,GDX,908,0,908
UCT,KGD,898,0,898
UUD,UUS,893,0,893
LED,LWO,892,0,892
ROV,HTA,889,0,889
SIP,RTW,885,12,73
PYJ,SVX,881,0,881
NOJ,KJA,875,0,875
NOZ,GOJ,873,0,873
KZN,MIL,872,0,872
IKT,TLK,871,0,871
URS,KZN,869,0,869
IKT,NJC,869,20,43
ALA,AMS,867,0,867
YKS,SEK,858,3,286
NOZ,IST,858,0,858
YKS,PYJ,855,3,285
NBC,GDZ,853,0,853
AAQ,NBC,853,0,853
TLK,IKT,851,0,851
MOW,NUE,846,0,846
NJC,CEK,846,0,846
ROV,ATH,845,0,845
HTA,SVX,845,0,845
KGP,KRR,845,0,845
STW,RTW,845,0,845
SGC,NUX,844,0,844
UCT,SCW,844,0,844
IEV,HAV,842,0,842
MCX,SLY,840,0,840
GDX,YKS,838,0,838
DPS,KZN,837,0,837
MQF,KRR,837,0,837
ALA,MRV,836,0,836
LED,BOG,835,0,835
RTW,NUX,833,0,833
KYZ,LED,832,0,832
TBS,LWO,828,0,828
KRR,SKD,819,0,819
KRR,AUH,818,0,818
DXB,SGC,816,0,816
BUS,LED,813,0,813
UUD,KUF,808,0,808
TAS,KGD,807,0,807
SGC,REN,805,0,805
DPS,ROV,804,0,804
BKK,MSQ,803,0,803
KZN,HTA,803,0,803
CCS,MOW,799,0,799
MOW,TLK,798,0,798
VOG,KEJ,797,0,797
VOG,GOJ,795,0,795
KUF,FRU,795,0,795
KGP,AER,794,4,198
GOJ,KEJ,792,0,792
GOJ,NBC,791,0,791
VOG,HMA,787,0,787
MSQ,DYU,786,0,786
MCX,OMS,786,0,786
KRO,MCX,785,0,785
HMA,VOG,783,0,783
ALA,STO,783,0,783
MOW,MAD,783,0,783
GOJ,MQF,781,0,781
KUF,SHJ,780,0,780
SKD,LED,780,0,780
NBC,KJA,779,0,779
KZN,BKK,779,0,779
NNM,KRR,777,0,777
KJA,NOJ,772,0,772
FRA,KIV,771,0,771
PRG,ROV,770,0,770
MRV,GZP,769,0,769
ARH,MCX,769,0,769
MCX,HMA,768,0,768
KEJ,VOG,767,0,767
SCW,VKT,767,0,767
ROV,BEY,763,0,763
ABA,NSK,761,0,761
AAQ,HTA,756,0,756
KZN,IAR,756,0,756
BCN,IST,756,0,756
ALA,ATH,753,0,753
PKC,KHV,749,0,749
REN,TJM,748,0,748
NOJ,MRV,746,0,746
TOF,KUF,745,0,745
UUD,BQS,744,0,744
AER,EGO,743,0,743
SGC,ESL,740,0,740
IJK,NUX,740,0,740
VGD,MOW,737,0,737
MUC,ALA,735,0,735
SCW,MMK,733,0,733
MOW,IKS,730,0,730
TLK,MOW,729,0,729
MRV,KEJ,729,0,729
MEX,LED,723,0,723
SCW,GOJ,721,0,721
AAQ,CEE,719,0,719
IKT,AAQ,719,0,719
TLV,HRK,719,0,719
BEG,ROV,709,0,709
ROV,NBC,708,0,708
EGO,MCX,706,0,706
DYU,LED,704,0,704
CEK,ARH,702,0,702
MOW,EBL,698,0,698
UCT,AAQ,696,0,696
MOW,LOS,694,0,694
MLE,AER,694,0,694
URS,SVX,688,16,43
UCT,ROV,685,0,685
MRV,NYM,683,0,683
TOF,BAX,683,0,683
SSH,ODS,682,0,682
MEX,IST,680,0,680
SEZ,LED,680,0,680
LPK,KZN,680,0,680
MJZ,KHV,677,0,677
KRR,CMB,674,0,674
KRR,KVK,674,0,674
SGC,KVX,673,0,673
MEL,MOW,670,0,670
MCX,EGO,669,0,669
REN,IKT,668,0,668
BAH,IST,665,0,665
IJK,KJA,664,0,664
HEL,LON,663,0,663
SIP,UCT,663,0,663
MOW,COO,660,0,660
MCX,MMK,657,0,657
REN,BQS,657,0,657
IJK,KUF,657,0,657
ALG,MOW,656,0,656
LED,OZH,654,0,654
NUE,MOW,653,0,653
MCX,ULY,653,0,653
STW,SGC,652,0,652
KZN,CEE,651,0,651
OVS,HMA,649,0,649
IAR,UFA,649,0,649
IZM,IST,649,0,649
MRV,CEE,648,0,648
NSK,KZN,647,0,647
ROV,UCT,645,0,645
MCX,HTA,643,0,643
MOW,FIH,640,0,640
TJM,IAR,638,0,638
AAQ,BZK,638,0,638
YKS,OLZ,638,0,638
USK,ROV,638,0,638
ALA,CPH,637,0,637
MRV,HMA,637,0,637
MSQ,SAO,636,0,636
IAA,KJA,636,0,636
STW,AER,635,0,635
NYM,SLY,630,0,630
NSK,IKT,627,0,627
SIP,NYM,626,0,626
KJA,ULK,625,0,625
HAV,MSQ,625,0,625
ZNZ,KRR,622,0,622
KVK,SIP,621,0,621
IST,KHE,618,0,618
AER,KVK,618,0,618
IST,IJK,616,0,616
GOJ,TOF,616,0,616
SEK,YKS,616,3,205
RIX,LED,613,0,613
OVS,EYK,609,0,609
SGC,EGO,609,0,609
ESL,SGC,608,0,608
ANK,IST,607,0,607
OVS,KRR,604,0,604
SGC,UUD,601,0,601
OLZ,YKS,600,0,600
TJM,NYA,600,0,600
UFA,KVX,600,0,600
LCA,AER,600,0,600
ULY,MMK,597,0,597
ADA,LED,595,2,297
BQS,REN,594,0,594
OVB,UUD,593,0,593
MRV,KHV,592,0,592
ZRH,LED,590,0,590
NSK,OGZ,588,0,588
SVX,TBW,588,0,588
MQF,GOJ,585,0,585
NOJ,AAQ,584,0,584
HTA,,583,0,583
GOJ,SCW,582,0,582
KRR,KVX,582,0,582
GOT,MOW,581,0,581
DXB,SIP,579,0,579
YKS,KRR,578,0,578
OMS,NBC,576,0,576
RTW,GRV,574,0,574
ODS,KRR,574,0,574
IAR,OVB,573,0,573
MRV,ROM,572,0,572
NJC,REN,572,0,572
GZP,KUF,568,0,568
OGZ,KUF,568,0,568
KRR,EYK,567,0,567
LED,UUA,566,0,566
KJA,IGT,565,0,565
PEE,VOG,561,0,561
IST,TBS,561,0,561
YKS,DYR,559,0,559
SGC,SLY,557,2,278
TBS,TLV,557,0,557
CEK,KVX,554,0,554
GDZ,KGD,553,0,553
BAX,MCX,552,0,552
ROV,CEE,550,0,550
EAP,MOW,550,0,550
SIP,TBW,550,0,550
OVS,SIP,550,0,550
CEK,KEJ,548,0,548
EYK,TJM,543,0,543
VVO,NER,543,0,543
HTA,KUF,539,0,539
KZN,AAQ,537,0,537
SIP,BZK,533,0,533
SGC,TLK,533,0,533
HTA,MCX,532,0,532
AER,NER,532,2,266
BQS,MCX,530,0,530
TIV,KRR,530,0,530
KUF,TBS,527,0,527
KBL,MOW,527,0,527
MOW,MGQ,525,0,525
MRV,PRG,522,0,522
HMA,IRM,521,0,521
BER,ROV,521,0,521
KGD,NUX,520,0,520
MMK,ULY,518,0,518
KJA,KVX,517,0,517
SIP,NSK,516,0,516
URS,AYT,514,0,514
LED,HAM,514,0,514
KHV,NOZ,512,0,512
KHV,OHH,511,0,511
RGK,KRR,510,0,510
KGD,IAR,508,0,508
BQS,ROV,506,0,506
ROV,KRR,505,0,505
KHV,TJM,505,0,505
FRU,PRG,505,0,505
KRR,DUS,504,0,504
YKS,ONK,504,0,504
UKX,MOW,501,0,501
OVB,ULK,500,0,500
UFA,OMS,500,0,500
GRV,CEK,499,0,499
URS,MMK,494,0,494
MRV,ATH,493,0,493
ZAG,LED,492,0,492
STW,PEE,491,0,491
KUF,KEJ,488,0,488
KJA,IAR,486,0,486
ALA,TLV,485,0,485
MJZ,AAQ,484,0,484
NOZ,UFA,483,0,483
ACC,MOW,483,0,483
MOW,ODO,483,4,120
VVO,TJM,482,0,482
NSK,SGC,482,8,60
TJM,YKS,480,0,480
STW,GOJ,478,0,478
OMS,REN,477,0,477
NSK,KGD,477,0,477
NUX,IKT,477,0,477
CEE,ROV,477,0,477
YKS,TJM,476,0,476
HTA,OMS,475,0,475
UFA,MMK,471,0,471
MRV,SLY,471,0,471
KJA,OMS,470,0,470
YKS,CKH,469,2,234
PAR,ROV,468,0,468
MMK,SGC,466,0,466
MOW,ULK,465,0,465
PRG,AER,464,0,464
MOW,CPH,463,0,463
KHV,NER,463,0,463
SGN,SEL,461,0,461
TJM,IRM,460,0,460
KRR,VGD,459,0,459
IKT,KVX,457,0,457
SAO,IST,456,0,456
IST,KHV,454,0,454
GOJ,HMA,454,0,454
PRG,FRU,453,0,453
LED,KYZ,452,0,452
NYM,ROV,451,0,451
KXK,KHV,451,0,451
DUS,ALA,451,0,451
VOZ,SCW,449,0,449
YKS,DYU,447,0,447
LUX,MOW,447,0,447
STW,REN,447,0,447
TBS,ALA,446,0,446
BQS,KGD,445,0,445
KJA,MCX,445,0,445
MSQ,CAS,440,0,440
AER,AAQ,439,0,439
SHJ,IEV,438,0,438
KZN,KRO,437,0,437
SIN,LED,437,0,437
KRR,KRO,436,11,39
IST,CPH,436,0,436
KRR,OVS,436,0,436
ASF,NUX,435,36,12
KYZ,AER,434,0,434
MOW,BEY,433,0,433
KJA,TGP,430,0,430
VOZ,KEJ,429,0,429
BEY,ROV,429,0,429
SLY,SGC,428,0,428
KVK,ROV,426,0,426
KZN,URS,426,0,426
MMK,IJK,426,0,426
VOG,NOJ,425,0,425
AYT,MCX,424,0,424
SHJ,KZN,421,0,421
AAQ,HMA,420,0,420
BTK,SVX,419,0,419
KZN,BUS,419,0,419
LWO,KRR,419,0,419
IGT,KUF,418,0,418
BAK,SVX,418,0,418
MMK,AAQ,417,0,417
IGT,SGC,417,0,417
ARH,OVB,415,0,415
MRV,KVX,414,0,414
DYU,KUF,412,0,412
AAQ,NOJ,412,0,412
SVX,NNM,412,0,412
IEV,BOG,411,0,411
YKS,GRV,411,0,411
ARH,OMS,410,0,410
KIV,TLV,410,0,410
KZN,FRA,409,0,409
NYA,EYK,409,0,409
KUF,IWA,407,0,407
GOJ,NSK,403,0,403
TBS,ATH,400,0,400
AER,NNM,399,0,399
KUF,CEE,397,0,397
PEE,REN,397,0,397
SVX,ASF,397,0,397
KUF,CEK,395,0,395
KUF,ARH,395,0,395
KRR,HAV,394,0,394
HRK,AMS,393,0,393
UFA,VVO,389,0,389
GDZ,VOZ,387,0,387
UUA,NOJ,385,0,385
REN,NJC,383,0,383
ROM,ROV,383,0,383
SIP,KVK,383,0,383
OMS,ULY,383,0,383
OMS,IAR,382,0,382
TLS,MOW,381,0,381
KVX,SVX,381,0,381
KUF,VOG,381,0,381
OVB,HMA,380,0,380
REN,OVB,379,0,379
MUC,ROV,376,0,376
LED,BER,376,0,376
ALA,MAD,374,0,374
OVS,SGC,374,0,374
GRV,KZN,373,0,373
RTW,VVO,373,0,373
HRG,KZN,373,0,373
USK,LED,372,0,372
AMS,ALA,371,0,371
MRV,PEZ,371,0,371
KRR,TLV,371,0,371
OSL,LED,370,0,370
KVK,SVX,369,0,369
IKT,NSK,369,0,369
KVX,KGD,367,0,367
NYM,OVS,367,0,367
SGC,OVS,366,0,366
ZKP,YKS,365,3,121
NNM,ROV,365,0,365
AER,TLV,364,0,364
NJC,SIP,363,0,363
YKS,ZIX,363,0,363
EGO,SVX,362,0,362
AER,HKT,358,0,358
BAX,GOJ,358,0,358
KYZ,IKT,358,0,358
STW,VOG,358,0,358
MSQ,SEZ,356,0,356
ONK,YKS,356,7,50
SGC,YKS,354,0,354
IST,ARH,353,0,353
VLC,LED,351,0,351
OMS,PES,350,0,350
IST,MQF,349,0,349
ROV,KVK,349,0,349
KUF,JOK,348,0,348
HMA,OVS,348,0,348
AUH,MSQ,347,0,347
DYU,SVX,346,0,346
IKT,VOZ,344,0,344
RTW,KVX,343,0,343
SCW,USK,340,0,340
KJA,RTW,338,0,338
EYK,AER,337,0,337
FRU,TLV,336,0,336
YKS,MQJ,336,5,67
KVX,RTW,335,0,335
NOZ,IKT,334,0,334
BQS,KJA,334,0,334
LIS,KIV,334,0,334
OSW,KRR,334,0,334
HAV,IEV,333,0,333
TYO,ROV,333,0,333
OVS,NYM,332,0,332
OVS,KGD,330,0,330
MMK,IKT,330,0,330
KEJ,KUF,330,0,330
EGO,TJM,328,0,328
GRV,TJM,327,69,4
SVX,KLF,327,0,327
SEL,KRR,327,0,327
BUH,DXB,327,0,327
TJM,LWN,326,0,326
EYK,OVB,325,0,325
EZV,MOW,324,0,324
NOZ,KHV,323,0,323
KGD,NOJ,323,0,323
MOW,NOI,323,0,323
PEE,VOZ,322,0,322
IAR,SVX,321,0,321
NBC,GRV,320,0,320
OMS,IJK,320,0,320
VOZ,NJC,318,0,318
BKK,KZN,317,0,317
KZN,MAD,314,0,314
UFA,IWA,314,0,314
DXB,TBS,313,0,313
KRR,CSY,313,0,313
CEK,CEE,313,0,313
SVX,SCW,312,0,312
OVS,REN,310,0,310
OMS,NSK,310,0,310
KGD,NSK,309,0,309
UFA,TOF,309,0,309
VOZ,UUD,308,0,308
BOG,LED,307,0,307
MOW,CCC,307,0,307
EYK,NYA,307,0,307
SLY,VOG,306,0,306
GRV,SCW,306,0,306
VOZ,GOJ,306,0,306
KZN,BOM,306,0,306
ROV,SHJ,302,0,302
UUA,LED,302,0,302
ROV,VOZ,302,0,302
MMK,RTW,302,0,302
PEE,PES,301,0,301
OVS,AER,300,0,300
MRV,BQS,300,0,300
SLY,VOZ,300,0,300
MSQ,KUL,300,0,300
ASF,KZN,299,0,299
KZN,UCT,299,0,299
IRM,HMA,299,0,299
MOW,IWA,298,0,298
ARH,NUX,297,0,297
MOW,EZV,296,0,296
URS,KUF,295,0,295
NUX,HMA,295,0,295
EYK,VOZ,295,0,295
LWN,TJM,294,0,294
ROV,HEL,293,0,293
KGP,MRV,290,0,290
ROV,BAX,290,0,290
YKS,CYX,289,0,289
BGW,MOW,289,0,289
PES,AER,289,0,289
ECN,AYT,289,0,289
GOJ,HTA,288,0,288
KJA,NOZ,287,0,287
SVX,NBC,286,0,286
KUF,UCT,286,0,286
CKH,YKS,284,1,284
KVX,ROV,284,0,284
SEL,PNH,283,0,283
TAS,TYO,283,0,283
TJM,UUD,281,0,281
AER,KGP,281,0,281
TJM,KEJ,281,0,281
MJZ,KUF,280,0,280
HRK,AER,280,0,280
CKY,MOW,280,0,280
JOK,KRR,279,0,279
KUF,BTK,279,0,279
KUF,ASF,279,0,279
SIP,DYU,278,0,278
HRK,MAD,277,0,277
STW,OMS,277,0,277
SCW,MCX,277,0,277
STW,TJM,277,0,277
MRV,CGN,276,0,276
HAM,KRR,274,0,274
HEL,DXB,273,0,273
CMB,KRR,270,0,270
BCN,ALA,268,0,268
PAR,KIV,267,0,267
OVB,EYK,267,0,267
KJA,UUS,267,0,267
USK,SCW,267,0,267
ATH,ROV,266,0,266
TGP,KJA,266,0,266
BAX,MRV,265,0,265
SGC,EZV,265,0,265
VOG,REN,264,0,264
SIP,OVS,264,0,264
MIL,KZN,261,0,261
ROV,USK,261,0,261
CEK,HTA,261,0,261
PRG,TBS,259,0,259
BQS,AER,258,0,258
IST,STR,258,0,258
ROV,KEJ,257,0,257
MOW,VRN,256,0,256
IST,NOZ,256,0,256
EYK,ROV,256,20,12
GRV,KUF,255,0,255
SAO,MSQ,255,0,255
LWN,LED,255,0,255
KUF,STW,252,0,252
SVX,UCT,251,0,251
TBS,PRG,251,0,251
HRG,HRK,250,0,250
GOJ,MCX,249,0,249
KUF,VOZ,248,0,248
OVS,UFA,248,6,41
SGC,SCW,247,0,247
OVS,AAQ,247,0,247
PEE,MMK,246,0,246
SGC,KHV,246,0,246
KGP,ROV,246,2,123
MAD,ALA,244,0,244
ROV,DYU,244,0,244
MAD,KRR,243,0,243
KHE,MOW,242,0,242
IST,TGD,240,0,240
VOZ,SLY,240,0,240
ROV,IWA,237,0,237
MCX,EYK,237,0,237
UFA,OVS,236,0,236
EYK,VOG,236,0,236
SLY,CEK,235,0,235
SGC,PKV,235,0,235
ASF,SIP,235,0,235
TBS,EVN,233,0,233
EZV,SGC,231,0,231
NJC,HMA,231,0,231
COO,MOW,231,0,231
KZN,HKG,230,0,230
FRU,KZN,229,0,229
HRK,ATH,229,0,229
PEZ,KRR,229,0,229
ROV,LIS,228,0,228
ATH,MRV,228,0,228
UFA,KHV,227,0,227
LOS,MOW,227,0,227
MMK,GRV,227,0,227
UUD,SGC,226,0,226
NUX,OVS,225,0,225
KEJ,GOJ,224,0,224
ROV,DUS,223,0,223
IST,BEG,223,0,223
UFA,MJZ,222,0,222
GDZ,NBC,222,0,222
LWO,LED,222,0,222
ROV,CAS,222,0,222
MMK,VGD,221,0,221
NUX,UCT,221,0,221
MOW,IAA,221,0,221
ULY,OVB,220,0,220
OVS,GDZ,219,0,219
NER,UFA,219,0,219
MRV,KRO,218,0,218
MOW,TYD,218,0,218
MRV,USK,216,0,216
YKS,NYR,216,0,216
LED,CAI,216,0,216
MOW,HTG,216,0,216
NSK,OMS,215,0,215
TBW,AAQ,215,0,215
KZN,ASB,214,0,214
GOJ,PKV,214,0,214
SGC,NSK,214,0,214
HTA,UUS,212,0,212
TAS,DOH,212,0,212
SVX,NER,212,0,212
AER,EYK,211,0,211
UUA,NJC,211,0,211
BZK,KZN,211,0,211
SJJ,IST,210,0,210
VOZ,NYM,210,0,210
OSS,FRU,209,0,209
HTA,SGC,209,0,209
KHV,PKC,209,0,209
ODS,TYO,208,0,208
OVS,STW,207,0,207
REN,IJK,207,0,207
HMA,CEK,207,0,207
ROV,OVS,207,0,207
NOJ,GRV,206,0,206
EYK,KZN,206,0,206
LED,PYJ,206,0,206
HRK,TLV,205,0,205
PYJ,KRR,204,0,204
BAX,HTA,204,0,204
LED,PRN,204,0,204
TBS,PAR,203,0,203
THX,KJA,203,0,203
OVB,SLY,202,0,202
AMS,TBS,202,0,202
MRV,HTA,202,0,202
IKT,LWN,201,0,201
CEE,SVX,200,0,200
NSK,RTW,199,0,199
KRR,BEG,199,0,199
SIP,IST,198,0,198
VOG,BAX,197,0,197
NYM,GDZ,196,0,196
KGD,UCT,196,0,196
DYR,YKS,195,0,195
UFA,REN,195,0,195
SGC,BQS,194,0,194
ARH,SGC,194,0,194
KUF,AYT,194,0,194
TRV,MOW,194,0,194
MOW,LBV,193,0,193
TLV,FRU,193,0,193
AUH,KRR,193,0,193
EGO,NSK,192,0,192
FIH,MOW,192,0,192
PTY,LED,192,0,192
IRM,MOW,191,0,191
ATH,ALA,191,0,191
VOG,RGK,191,0,191
EYK,OMS,191,0,191
PKV,STW,191,0,191
TOF,HTA,188,0,188
OHO,KHV,188,0,188
YKS,VOZ,187,0,187
IWA,ROV,187,0,187
LED,ISB,187,0,187
AAQ,SLY,186,0,186
VOZ,EYK,186,0,186
OVS,VOG,186,0,186
SVX,ULY,186,0,186
VKT,LED,186,0,186
ROV,LWO,185,0,185
SVX,FRU,185,0,185
REN,STW,185,0,185
GOJ,VVO,185,0,185
EYK,SIP,184,0,184
SIP,EYK,184,8,23
ROV,EYK,184,16,11
KHV,BQS,184,0,184
MCX,USK,184,0,184
GRV,OMS,183,0,183
ULK,MOW,183,0,183
TAS,AER,182,0,182
NOZ,OMS,182,0,182
MOW,IRM,182,0,182
TOF,HMA,181,0,181
KUF,NYM,181,0,181
IKT,ARH,181,0,181
EYK,MCX,179,0,179
OVS,KZN,179,0,179
UFA,RTW,179,0,179
KUL,TAS,179,0,179
EAP,IST,179,0,179
SGC,UCT,178,0,178
HMA,KJA,177,0,177
PKV,KJA,177,0,177
BEY,IST,176,0,176
EGO,KUF,176,0,176
KGD,OVS,175,0,175
OZH,LED,175,0,175
NUX,ARH,175,0,175
MCX,ARH,175,0,175
KZN,YKS,174,0,174
ROV,GVA,174,0,174
GZP,MRV,173,0,173
IKT,REN,172,0,172
HTA,NSK,172,0,172
HMA,VOZ,171,0,171
KUF,VVO,170,0,170
MMK,SCW,169,0,169
TBS,KUF,169,0,169
IKT,ABA,169,0,169
OVB,BTK,169,0,169
RTW,KHV,168,0,168
KUF,TOF,167,0,167
PES,MMK,166,0,166
NNM,PEE,165,0,165
GOJ,REN,164,0,164
ROV,NCE,164,0,164
SCW,UFA,164,0,164
VOG,HTA,164,0,164
MRV,NER,163,0,163
AAQ,KLF,163,0,163
IRM,EZV,163,0,163
GOJ,SLY,162,0,162
EBL,MOW,162,0,162
BAK,FRU,161,0,161
KHV,NLI,161,0,161
BOG,IEV,161,0,161
ASF,MRV,161,0,161
HTA,RTW,160,40,4
VOG,EYK,160,0,160
SGC,NBC,159,0,159
SLY,IKT,159,0,159
LED,TLV,158,0,158
DUS,MRV,158,0,158
OMS,EYK,157,0,157
ABA,TOF,157,0,157
SEZ,MSQ,157,0,157
EYK,OVS,157,0,157
MOW,JIB,157,0,157
VKT,SCW,157,0,157
EYK,NJC,156,0,156
MOW,INA,156,0,156
LPK,LED,156,0,156
IKT,ASF,156,0,156
AER,OVS,155,0,155
AAQ,OVS,155,0,155
ARH,CEK,154,0,154
OVS,GOJ,154,0,154
VNO,MOW,154,0,154
BAX,ARH,153,0,153
HAV,KRR,153,0,153
MGQ,MOW,152,0,152
CEK,KHV,152,0,152
OVB,DYR,151,0,151
RTW,EYK,150,0,150
RTW,OMS,150,0,150
AYT,ECN,149,0,149
KYZ,UUD,148,0,148
REN,SGC,147,0,147
KZN,ZAG,147,0,147
ZIX,YKS,145,0,145
RTW,KUF,145,0,145
YKS,SYS,144,0,144
SCW,ARH,144,0,144
AER,PRG,144,0,144
HMA,URJ,143,0,143
UCT,KRR,143,0,143
IKT,IST,142,0,142
IST,NAV,142,0,142
MCX,BAX,142,0,142
MOW,EAP,140,0,140
URJ,HMA,140,0,140
EZV,SVX,140,0,140
IKS,MOW,140,0,140
HKT,AER,140,0,140
NBC,GOJ,140,0,140
CEK,NJC,139,0,139
EGO,VOG,139,0,139
MOW,SKT,139,0,139
IST,BAH,139,0,139
AMS,HRK,139,0,139
AER,FRU,139,0,139
BUS,KZN,137,0,137
PEE,IKT,137,0,137
SHJ,KUF,137,0,137
HTA,ROV,137,0,137
VOG,VOZ,136,0,136
SVX,URS,135,0,135
HTA,GOJ,135,0,135
KUF,OVS,135,0,135
LED,LPK,135,0,135
HTA,VOG,134,0,134
BAK,DYU,134,0,134
CAS,MSQ,134,0,134
DUS,KRR,133,0,133
NYM,EYK,133,0,133
GOJ,NJC,132,0,132
KVK,KRR,131,0,131
ROV,ZAG,131,0,131
OVS,NUX,130,0,130
HRK,GVA,130,0,130
AAQ,UCT,129,0,129
REN,KJA,129,0,129
HMA,GOJ,128,0,128
KRR,IWA,127,0,127
KIV,FRA,127,0,127
MCX,KEJ,127,0,127
CPH,GRV,126,0,126
KHV,MMK,126,0,126
MJZ,SGC,126,0,126
USK,UFA,125,0,125
TJM,NER,124,0,124
ROM,MRV,124,0,124
KJA,NUX,124,0,124
OMS,BQS,124,0,124
AAQ,MJZ,124,0,124
SKX,SVX,121,0,121
YKS,PKC,121,0,121
KUF,EYK,120,0,120
MOW,MEL,120,0,120
AAQ,ASF,120,0,120
DXB,HEL,119,0,119
PEE,USK,119,0,119
NJC,OVS,119,0,119
PKV,MCX,118,0,118
OHH,KHV,118,0,118
PRG,MRV,118,0,118
IST,ASB,118,0,118
KRR,GRV,118,0,118
KJA,EYK,118,0,118
EZV,EYK,117,0,117
VOG,NBC,116,0,116
PKV,UFA,115,0,115
OLZ,IKT,115,0,115
SVX,EZV,115,0,115
EZV,OVB,115,0,115
KVX,KZN,115,0,115
SLY,MMK,115,0,115
KUF,UUD,114,0,114
DXB,BUH,112,0,112
TYD,HTA,112,0,112
NSK,KUF,112,0,112
PEE,NNM,112,0,112
EGO,SGC,111,0,111
KUL,MSQ,111,0,111
OVB,ODO,111,0,111
UUA,USK,110,0,110
KZN,BTK,110,0,110
SHJ,ROV,109,0,109
PKV,ROV,108,0,108
EZV,AER,107,0,107
IEV,IZM,107,0,107
LED,PKV,107,0,107
VVO,RTW,107,0,107
NJC,EYK,107,0,107
KRR,MEX,106,0,106
BZK,ROV,106,0,106
HMA,IKT,105,0,105
IAR,TJM,105,0,105
OVB,OVS,105,0,105
UUD,VOZ,104,0,104
CGN,VOZ,104,0,104
ALA,DUS,104,0,104
STO,ALA,104,0,104
TLV,ALA,104,0,104
SCW,VOZ,104,0,104
SVX,UUA,103,0,103
MJZ,SVX,103,0,103
MSQ,FRU,103,0,103
KEJ,CEK,103,0,103
KUF,KVX,103,0,103
EYK,SLY,103,0,103
OMS,PEE,102,0,102
SGC,NYA,102,0,102
KGP,KGD,102,0,102
CPH,KRR,102,0,102
NBC,OMS,101,0,101
DYU,KZN,100,0,100
EYK,MRV,100,0,100
OVS,OMS,100,0,100
KGD,EYK,100,0,100
KGD,TAS,100,0,100
DYU,MSQ,99,0,99
MRV,ALA,99,0,99
DYU,KGD,97,0,97
NUX,KEJ,97,0,97
SEL,TYO,97,0,97
AER,KYZ,96,0,96
KHE,IST,95,0,95
BTK,KUF,94,0,94
ROV,PAR,94,0,94
UFA,IAR,94,0,94
EGO,ASF,93,0,93
NOZ,EZV,93,0,93
OGZ,NSK,93,0,93
ROV,MUC,93,0,93
ROV,OGZ,93,0,93
NYM,KGD,92,0,92
SLY,EYK,92,0,92
NNM,KZN,92,0,92
MUC,TLV,91,0,91
CGN,ALA,91,0,91
OVS,OVB,91,0,91
MOW,TLS,91,0,91
SGC,IRM,91,0,91
PKV,GRV,90,8,11
HEL,ROV,90,0,90
MSQ,BOG,90,0,90
HMA,NYA,90,0,90
IKT,MCX,90,0,90
ROV,BER,90,0,90
AAQ,EYK,89,0,89
KJA,OGZ,89,0,89
TOF,GOJ,89,0,89
ROV,MRS,89,0,89
SVX,IRM,89,0,89
NNM,SVX,87,0,87
REN,PEE,87,0,87
LED,EZV,87,0,87
KJA,AYT,85,0,85
TYO,ODS,85,0,85
GRV,RTW,85,0,85
TBW,MMK,85,0,85
REN,OVS,84,0,84
IST,HAM,84,0,84
EZV,NOZ,84,0,84
EYK,NUX,84,0,84
ROV,JOK,83,0,83
TOF,IAR,83,0,83
TLV,TBS,83,0,83
KEJ,REN,83,0,83
KJA,NBC,83,0,83
PES,OMS,83,0,83
VOG,AAQ,82,0,82
PEE,UCT,80,0,80
VOG,YKS,80,0,80
KRO,ROV,80,0,80
TJM,KHV,80,0,80
IRM,SGC,79,0,79
FRA,KZN,79,0,79
ULY,OMS,78,0,78
NOI,MOW,77,0,77
EYK,AAQ,77,0,77
CEE,KZN,77,0,77
FRU,KUF,76,0,76
IKT,SCW,76,0,76
HMA,REN,76,0,76
EZV,LED,75,0,75
PEE,OGZ,75,0,75
OZH,MSQ,74,0,74
NYA,SVX,74,0,74
EYK,KUF,74,0,74
NUX,SGC,74,0,74
EYK,KGD,73,0,73
MOW,OLZ,73,0,73
LED,IRM,73,0,73
CAS,ROV,73,0,73
VOG,OVS,72,0,72
KUF,HTA,72,0,72
HKG,SEL,72,0,72
LIS,ROV,71,0,71
ISB,LED,71,0,71
IAR,KJA,71,0,71
NYA,TJM,71,0,71
KEJ,VOZ,71,0,71
ULY,MCX,70,0,70
TBW,SVX,70,0,70
SVX,RMI,70,0,70
ATH,TBS,69,0,69
OVS,VOZ,69,0,69
GOJ,OVS,69,0,69
ODO,MOW,69,0,69
GOJ,EYK,68,0,68
DUS,LWO,68,0,68
ALA,LON,68,0,68
TBW,SIP,67,0,67
LED,ADA,67,2,33
TOF,EYK,66,8,8
BUH,IST,66,0,66
VOG,OMS,66,0,66
LBV,MOW,65,0,65
MAD,MRV,65,0,65
REN,OMS,65,0,65
UUS,KJA,65,0,65
PES,PEE,65,0,65
MRV,EVN,64,0,64
VOG,LWN,64,0,64
SVX,PYJ,64,0,64
NJC,VOZ,63,0,63
IRM,SVX,63,0,63
ROV,KHE,63,0,63
IST,SOF,63,0,63
MOW,XSP,62,0,62
SCW,NUX,62,0,62
HKG,MSQ,61,0,61
OVB,IAR,61,0,61
VGD,KRR,61,0,61
GRV,YKS,61,0,61
EZV,OMS,61,0,61
VOZ,OVS,61,0,61
SGC,MMK,61,0,61
MAD,HRK,61,0,61
EYK,KJA,61,0,61
UFA,IGT,60,0,60
OVS,NYA,59,0,59
ATH,HRK,59,0,59
KVX,IKT,59,0,59
OMS,YKS,59,0,59
KUF,IJK,59,0,59
NUX,EYK,58,0,58
EYK,EZV,58,0,58
MMK,URS,58,0,58
SCW,PEX,58,0,58
EYK,GOJ,58,0,58
LON,HEL,58,0,58
KRR,ODS,58,0,58
OVB,EZV,58,0,58
GVA,ROV,57,0,57
KZN,VLC,57,0,57
UFA,IRM,56,0,56
EYK,EGO,56,0,56
KRR,HRK,56,0,56
KVX,CEK,56,0,56
VOZ,IST,55,0,55
YKS,VOG,55,0,55
OVS,VVO,55,0,55
UCT,UFA,54,0,54
UFA,USK,54,0,54
HKG,KZN,54,0,54
KYZ,SVX,54,0,54
STW,OVS,54,0,54
IKT,OLZ,54,0,54
EVN,LED,52,0,52
AYT,KRO,52,0,52
IRM,TJM,52,0,52
NOJ,REN,52,0,52
EZV,SIP,52,0,52
NOJ,OGZ,51,0,51
OVS,KUF,51,0,51
JIB,MOW,51,0,51
HEL,RIX,51,0,51
OVS,PEE,51,0,51
SKD,KRR,51,0,51
SLY,NYM,51,0,51
UFA,NOZ,51,0,51
TBS,ZRH,51,0,51
KVX,KJA,51,0,51
UFA,EZV,50,0,50
RGK,VOG,50,0,50
GVA,HRK,50,0,50
TOF,VOG,50,0,50
IST,EAP,50,0,50
ZRH,IST,50,0,50
OVS,KJA,49,0,49
VNO,TAS,49,0,49
KVX,SGC,49,0,49
MRV,EYK,49,0,49
KZN,NSK,49,0,49
YKS,TOF,48,0,48
HTA,TYD,48,0,48
PRN,LED,48,0,48
HTG,MOW,48,0,48
GDZ,OVS,48,0,48
KRR,LWO,47,0,47
KRR,SEL,47,0,47
PEE,OVS,47,0,47
DOH,TAS,47,0,47
MOW,CCJ,47,0,47
CPH,ALA,47,0,47
RTW,OVS,47,0,47
KEJ,TJM,47,0,47
KRR,HAM,47,0,47
OVS,MRV,47,0,47
KJA,EZV,46,0,46
BOM,KZN,46,0,46
ASB,KZN,45,0,45
KIV,LIS,45,0,45
MOW,SSG,45,0,45
OMS,ARH,45,0,45
YKS,ASF,45,0,45
IJK,MMK,45,0,45
TYO,TAS,45,0,45
LCA,MRV,44,0,44
SKP,KRR,44,0,44
NCE,ROV,44,0,44
NSK,GOJ,44,0,44
DYU,ROV,44,0,44
EZV,VOG,44,0,44
MAD,KZN,44,0,44
OMS,OVS,44,0,44
NUX,RTW,44,0,44
TJM,IGT,44,0,44
AER,OSL,44,0,44
ALA,MUC,43,0,43
EZV,KJA,43,0,43
DUS,ROV,43,0,43
UUS,HTA,43,0,43
MRV,DUS,42,0,42
MQJ,YKS,42,0,42
KHV,BTK,42,0,42
KHV,SGC,42,0,42
,HTA,41,0,41
NJC,USK,41,0,41
KRR,DYU,41,0,41
IAR,OMS,41,0,41
IST,SHJ,41,0,41
VVO,GOJ,41,0,41
HTA,TOF,41,0,41
EYK,GDZ,41,0,41
EZV,KEJ,41,0,41
IKT,NUX,40,0,40
REN,VOG,40,0,40
GRV,MMK,40,0,40
LWO,ROV,40,0,40
VOG,STW,40,0,40
CEE,KUF,40,0,40
TLK,OVB,39,0,39
EYK,NYM,39,0,39
MRV,BAH,39,0,39
NYM,MRV,39,0,39
EZV,UFA,39,0,39
PYJ,SIP,38,0,38
EZV,TOF,38,0,38
OMS,HTA,38,0,38
SVX,BTK,38,0,38
YKS,SGC,38,0,38
KJA,OVS,37,0,37
YKS,KZN,37,0,37
PKV,GOJ,37,0,37
BKK,KIV,37,0,37
HTA,CEK,37,0,37
IWA,UFA,37,0,37
BQS,SGC,37,0,37
IKT,TYD,37,0,37
IRM,LED,37,0,37
NOJ,VOG,36,0,36
AAQ,MCX,36,0,36
NOJ,KGD,36,0,36
AYT,URS,36,0,36
KHV,KXK,36,0,36
DYU,SIP,36,0,36
CEK,HMA,36,0,36
MRV,OVS,35,0,35
OMS,AYT,35,0,35
TYD,MOW,35,0,35
MMK,KHV,35,0,35
ULK,KJA,35,0,35
CYX,YKS,35,0,35
EYK,VVO,34,0,34
EZV,KRR,33,0,33
MCX,BQS,33,0,33
USK,KUF,33,0,33
ZAG,ROV,33,0,33
TOF,EZV,33,0,33
HRK,LYS,32,0,32
VOG,EZV,32,0,32
ALA,TBS,32,0,32
EYK,TOF,32,0,32
CEK,JOK,32,0,32
KRR,EZV,31,0,31
UCT,KUF,31,0,31
OVS,MCX,31,0,31
PAR,TBS,30,0,30
HTA,BAX,30,0,30
PKV,SGC,30,0,30
KRR,JOK,30,0,30
OMS,EZV,30,0,30
CEE,CEK,30,0,30
UCT,KZN,30,0,30
BOG,MSQ,29,0,29
EYK,RTW,29,0,29
,IKT,29,0,29
NER,SVX,29,0,29
REN,EYK,29,0,29
SLY,EZV,28,0,28
ROV,LUX,28,0,28
ROV,NNM,28,0,28
XSP,MOW,28,0,28
TBS,LIS,28,0,28
KUF,URS,27,0,27
SKT,MOW,27,0,27
NUX,ASF,27,0,27
KHV,RTW,27,0,27
AER,LCA,27,0,27
MEX,KRR,26,0,26
KJA,PKV,26,0,26
OVS,SLY,26,0,26
JOK,KUF,26,0,26
IJK,OMS,26,0,26
IAA,MOW,25,0,25
NYA,HMA,25,0,25
RTW,HMA,25,0,25
OVB,TLK,25,0,25
IRM,UFA,24,0,24
GDZ,NYM,24,0,24
LWO,TBS,24,0,24
SIP,KGP,24,0,24
DYR,OVB,24,0,24
LWN,IKT,24,0,24
HMA,NUX,24,0,24
KGD,KGP,24,0,24
ZAG,KZN,24,0,24
OVS,GRV,24,0,24
PEE,EYK,24,0,24
BAX,VOG,23,0,23
VNO,RIX,23,0,23
MRS,ROV,23,0,23
EZV,KZN,23,0,23
SLY,OVS,23,0,23
ODO,OVB,23,0,23
AAQ,TBW,23,0,23
TJM,USK,23,0,23
KUF,EZV,23,0,23
PNH,SEL,22,0,22
NUX,YKS,22,0,22
EZV,NJC,22,0,22
FRU,BAK,22,0,22
SGC,MJZ,22,0,22
ARH,IKT,22,0,22
GRV,NBC,21,0,21
EZV,KUF,21,0,21
CGN,MOW,21,0,21
IKT,EYK,21,0,21
MCX,OVS,21,0,21
DYU,YKS,20,0,20
PKC,YKS,20,0,20
NJC,EZV,20,0,20
OVS,RTW,20,0,20
TBS,AMS,20,0,20
VOZ,HMA,20,0,20
IRM,AER,20,0,20
HMA,TOF,20,0,20
KUF,DYU,19,0,19
EZV,VOZ,19,0,19
EZV,GOJ,19,0,19
YKS,ZKP,19,0,19
SGC,ARH,19,0,19
ARH,BAX,19,0,19
NYR,YKS,19,0,19
ROV,EZV,19,0,19
MCX,AYT,19,0,19
VOZ,YKS,19,0,19
NOJ,SIP,18,0,18
VLC,KZN,18,0,18
UFA,PKV,18,0,18
KUF,IGT,18,0,18
AER,EZV,18,0,18
IKT,HMA,17,0,17
EZV,SLY,17,0,17
EZV,AAQ,17,0,17
OVS,IST,17,0,17
RMI,SVX,17,0,17
ASF,EGO,17,0,17
REN,YKS,17,0,17
MRV,KGP,17,0,17
OVS,AYT,17,0,17
SLY,AAQ,17,0,17
EZV,ROV,16,0,16
IWA,KUF,16,0,16
NYM,VOZ,16,0,16
UCT,SVX,16,0,16
NSK,HTA,16,0,16
IKT,OVS,16,0,16
IJK,REN,16,0,16
RTW,HTA,16,0,16
NUX,KGD,15,0,15
KJA,IAA,15,0,15
VOZ,CGN,15,0,15
SCW,GRV,15,0,15
IRM,KGD,15,0,15
TJM,TLK,15,0,15
EZV,MCX,15,0,15
EYK,REN,15,0,15
ULK,OVB,14,0,14
VOZ,AYT,14,0,14
VOG,EGO,14,0,14
OVS,NOJ,14,0,14
KLF,AAQ,14,0,14
MCX,PKV,14,0,14
STR,IST,14,0,14
ALA,CGN,14,0,14
VVO,OVS,14,0,14
PYJ,LED,14,0,14
AER,ASB,14,0,14
KZN,OVS,14,0,14
SYS,YKS,14,0,14
NSK,EGO,13,0,13
INA,MOW,13,0,13
SLY,GOJ,13,0,13
IRM,OVB,13,0,13
NOJ,OVS,13,0,13
TLK,SGC,13,0,13
OVS,TOF,13,0,13
OMS,IRM,13,0,13
VGD,MMK,12,0,12
IKT,SLY,12,0,12
TAS,KUL,12,0,12
SSG,MOW,12,0,12
IAR,TOF,12,0,12
CGN,MRV,12,0,12
CRL,GRV,12,0,12
REN,KEJ,12,0,12
EZV,IST,12,0,12
BTK,KZN,12,0,12
OVB,IRM,12,0,12
EZV,IKT,12,0,12
OSL,AER,12,0,12
LYS,HRK,12,0,12
GOJ,EZV,12,0,12
IRM,NUX,12,0,12
IRM,NYA,12,0,12
IKT,EZV,12,0,12
SCW,SGC,11,0,11
OVS,IAR,11,0,11
EZV,PEE,11,0,11
OVS,IRM,11,0,11
KGD,NYM,11,0,11
TOF,OVS,11,0,11
SIP,EZV,11,0,11
IRM,OMS,11,0,11
MJZ,UFA,11,0,11
STW,PKV,11,0,11
VOG,TOF,11,0,11
UFA,NER,10,0,10
EZV,GDZ,10,0,10
RTW,NSK,10,0,10
EZV,KGD,10,0,10
GRV,NOJ,10,0,10
CCJ,MOW,10,0,10
EYK,PEE,10,0,10
OVS,EGO,10,0,10
AER,IRM,10,0,10
DYU,BAK,10,0,10
VOZ,EZV,9,0,9
NYM,KUF,9,0,9
EZV,NOJ,9,0,9
NJC,IRM,9,0,9
EYK,IRM,9,0,9
MRS,IST,9,0,9
ROV,KGP,9,0,9
KUF,IRM,9,0,9
LWO,DUS,9,0,9
KRR,PYJ,9,0,9
NOZ,EYK,9,0,9
IRM,KZN,9,0,9
EZV,NYA,8,0,8
TLV,MUC,8,0,8
USK,MCX,8,0,8
NYM,IRM,8,0,8
REN,HMA,8,0,8
KUF,MJZ,8,0,8
000,001,8,0,8
KRR,IRM,8,0,8
LED,XSP,8,0,8
KZN,NNM,7,0,7
UUD,KYZ,7,0,7
OVS,DXB,7,0,7
SCW,IKT,7,0,7
UCT,PEE,7,0,7
OVS,IKT,7,0,7
AAQ,EZV,7,0,7
EYK,IST,7,0,7
EZV,RTW,7,0,7
IRM,SLY,7,0,7
MRV,MAD,7,0,7
KHV,OVS,7,0,7
EZV,MRV,7,0,7
IRM,KRR,7,0,7
CEK,SLY,7,0,7
EYK,STW,7,0,7
ASF,YKS,6,0,6
KJA,IRM,6,0,6
EZV,REN,6,0,6
EZV,NUX,6,0,6
EZV,DXB,6,0,6
OVS,UUD,6,0,6
UUD,OVS,6,0,6
SGC,HTA,6,0,6
AYT,OVS,6,0,6
JOK,ROV,6,0,6
ZRH,TBS,6,0,6
OGZ,NOJ,6,0,6
NJC,UUA,6,0,6
LWN,VOG,6,0,6
NOJ,EYK,6,0,6
EYK,NOJ,6,0,6
VOG,SLY,6,0,6
IRM,EYK,6,0,6
EYK,DXB,6,0,6
EZV,VVO,6,0,6
NOJ,MCX,5,0,5
KRR,SKP,5,0,5
EZV,STW,5,0,5
USK,MRV,5,0,5
EYK,IKT,5,0,5
IRM,OVS,5,0,5
MOW,TRV,5,0,5
GOJ,IRM,5,0,5
KGD,DYU,5,0,5
NER,TJM,5,0,5
LUX,ROV,5,0,5
MCX,EZV,5,0,5
KHE,ROV,5,0,5
OVS,EZV,5,0,5
OLZ,MOW,5,0,5
MMK,TBW,5,0,5
BTK,KHV,5,0,5
EYK,IAR,5,0,5
KGD,EZV,4,0,4
NOZ,OVS,4,0,4
KZN,EYK,4,0,4
MMK,SLY,4,0,4
OVS,YKS,4,0,4
BAH,MRV,4,0,4
PEE,IRM,4,0,4
EYK,AYT,4,0,4
UCT,SGC,4,0,4
ROV,IRM,4,0,4
JOK,CEK,4,0,4
EZV,GRV,4,0,4
EZV,IAR,3,0,3
USK,NJC,3,0,3
UUD,EZV,3,0,3
RTW,EZV,3,0,3
IRM,NJC,3,0,3
SLY,IRM,3,0,3
PEE,EZV,3,0,3
IRM,GOJ,3,0,3
OVS,NOZ,3,0,3
IRM,NOZ,3,0,3
XSP,LED,3,0,3
EYK,NOZ,3,0,3
GRV,PKV,3,0,3
NUX,EZV,3,0,3
KEJ,NUX,3,0,3
EZV,AYT,3,0,3
UCT,NUX,3,0,3
IRM,ROV,3,0,3
EZV,YKS,2,0,2
IRM,VVO,2,0,2
IRM,GRV,2,0,2
IRM,SIP,2,0,2
NUX,SCW,2,0,2
MRV,EZV,2,0,2
NOJ,EZV,2,0,2
KRR,CPH,2,0,2
NOJ,IRM,2,0,2
USK,EZV,2,0,2
LIS,TBS,2,0,2
EZV,EGO,2,0,2
EZV,OVS,2,0,2
KHV,EZV,2,0,2
IRM,NYM,2,0,2
AYT,EYK,2,0,2
NYM,EZV,2,0,2
GRV,CRL,2,0,2
IRM,GDZ,2,0,2
IRM,AAQ,2,0,2
SEL,SGN,2,0,2
IRM,KUF,2,0,2
KHV,IRM,2,0,2
IST,EYK,2,0,2
NUX,IRM,2,0,2
OVS,KEJ,2,0,2
VOG,IRM,1,0,1
EZV,LWN,1,0,1
NOZ,IRM,1,0,1
KHV,EYK,1,0,1
TOF,YKS,1,0,1
IST,OVS,1,0,1
IAR,EYK,1,0,1
DXB,OVS,1,0,1
REN,IRM,1,0,1
YKS,EYK,1,0,1
VOZ,IRM,1,0,1
KGD,IRM,1,0,1
YKS,NUX,1,0,1
EZV,UUD,1,0,1
IRM,IKT,1,0,1
EZV,NYM,1,0,1
RTW,IRM,1,0,1
IRM,TOF,1,0,1
SIP,IRM,1,0,1
IRM,PEE,1,0,1
UUD,EYK,1,0,1
EGO,EYK,1,0,1
OVS,KHV,1,0,1
YKS,EZV,1,0,1
IRM,NOJ,1,0,1
???,???,1,0,1
SIP,PYJ,1,0,1
AAQ,IRM,1,0,1
IRM,YKS,1,0,1
EYK,YKS,1,0,1
IRM,REN,1,0,1
USK,EYK,1,0,1
IRM,KJA,1,0,1
REN,NOJ,1,0,1
YKS,OVS,1,0,1
